tweet,label
يا امة ضحكت من جهلها الامم,0
والله انك مهزله,0
ساعات اللى فى السر هو اللى بيخلى الناس تحبك فى العلن من غير ما يكونوا عارفين الا انهم بيحبوك من غير سبب,1
لا كرامه في الحب والغرام,1
ابلعن وإلديتس ي الهبــلاا,0
يا رب ارزقنا الفرح والسعادة,1
لا يغير الله ما بقوم حتى يغيروا ما بانفسهم,1
الله الله عليك يا استاذ عمر و بارك الله لك و بارك عليك و جزاك الله عنا خيرا كثير,1
الاشغال,0
قمة البلاغة,1
مثال جميل جدا عبرة لكل من يحمل رسالة الاسلام,1
مين بشار العاهة هاد الي بهدد، اي عند الجد والله للنساء والبنات تتطلعن قبل الرجال في هالحالة ونلعن ابو الساعة اللي طلعت بشار وغيره شو هالحكي، الاردن قوي بجيشة وقائده فعلاا هززلت قال سوريا قال ولا النعامة او رقبة عالية بدهها قص,0
اللهم اجعلنا ممن يتمتعون بروح و ريحان,1
ان شاء الله وربنا يعيننا,1
للبرنامج التافه الي يسمح لهذا الشي,0
و مفيش احلى من قضاء ربنا,1
رعب وخوف عاوجهك ياجبان,0
المفاعل النووي سيحتاج لشريك استراتيجي يمتلكه او جزء كبير منه و ستدفع الحكومة الأردنية ثمن الكهرباء لهذا المستثمر لذلك يوجد احتمال كبير ان ترتفع هذه الفاتورة,0
سيد شوكت بحب احكيلك انو حنضل نشحد بسبب المفاعل للأسف البعض يعتقد ان المفاعل النووي سيحل مشاكلنا الاقتصادية ولكن الأردن لا يمتلك موارد مالية وهذا يعني الحاجة لشريك أجنبي يملك غالبية الأسهم كما في تركيا على سبيل المثال وذلك يعني ان هذا الشريك سيمتلك الجزء الأكبر من المفاعل ولن يكون ملك للأردن وبالتالي ستقوم الحكومة ايضا بدفع تكاليف الكهرباء للمستثمر وبالتالي المفاعل النووي لن يوفر لك الكهرباء بسعر قليل,0
اللهم ارزقنا السلامة و العافية في ديننا و دنيانا,1
يشم الطيب ويتعطر يا دكتور عمر,1
بدعى على طول بأن الله يرزقنى الخشوع,1
أحلى تخلف,0
شنو السالفه يعني اتقارنون القران الكريم ويه نجوه كرم هاي العرمه لا الله اله الله,0
شو هالمنشور الوسخ,0
الغباء واضح,0
عين العقل و ربي,1
صدقت يا رب إجعلنا راضين بقدرك,1
الحمد لله أكسجين يعيد للصدر أنفاسه ، ف تجدها ب الصوت السعيد و الصوت المتئاكل من البكاء,1
يلعن شرف خواتك,0
يا رب قويني علي نفسي,1
والغناء تجد لك مليون وكلهم زبالة,0
الله غلى المسلمين فى توادهم وتراحمهم,1
نعم اردننا غير قابل للتلاعب بارواح ابناءه,0
اللهم اصلح سرى و علانيتى,1
حسيت كله تمثيل وسخافة و غباء,0
ما في احلى من انه الواحد يوكل وينام,1
اللهم ارزقنا ان نكون مثلهم,1
ان الله لا يضيع أجر المحسنين,1
لا للمفاعل النووي,0
ابو الشباب راعي العود ليش ماوزنه في البيت غباء,0
الله معكى يا حجه,0
للأسف البعض يعتقد ان المفاعل النووي سيحل مشاكلنا الاقتصادية و لكن الأردن لا يمتلك موارد مالية و هذا يعني الحاجة لشريك أجنبي كما اعلنت هيئة الطاقة يملك غالبية الأسهم كما في تركيا على سبيل المثال وذلك يعني ان هذا الشريك سيمتلك الجزء الأكبر من المفاعل ولن يكون ملك للأردن وبالتالي ستقوم الحكومة ايضا بدفع تكاليف الكهرباء للمستثمر وبالتالي المفاعل النووي لن يوفر لك الكهرباء بسعر قليل,0
اللهم اصلح حال المسلمين و اجعلهم من الرباتين حتى نحرج مما نحن فيه لانه ان خلصت النوايا صلحت الاعمال,1
ان النجاح يحتاج الي قلبا ثابت و عقلا راشد و طموحا واعد و تحدي كاسر,1
عنجد انو بالة,0
والنعم والاخلاق والنعم والصداقه والنعم ف الاخوه,1
شاركونآ الخير,1
حبة بنــادول,0
بطني وجعتني من الضحك,0
لوين ندكم توصلونا و الله هموم المصاريف قتلت الصغير قبل الكبير الله ياخذ حقنا منكم و لا يباركلكم,0
ما اروعهم,1
اللهم اكرمنا برضاك,1
سخافه بكل ماتحوي الكلمه من معنى,0
لازم كل واحد فينا يفكر بشكل ايجابي و يبعد عنه السلبيات,1
محششين خخ,0
جمال الصفحة من جمالكم و رقي اخلاقكم أنا متأكد ان صفحتنا ستعجبك فأنضم الينا و ادعو اصدقائك فنحن نسعد بك و بهم,1
كرامتى اولى,1
الله لا يعطي العافيه ولا الصحه للاخوان المفلسين الله لا يوفقهم ولا يجمعهم الاخونجيه هم وعيالهم على صحن طبيخ الله يجعل السرطان يمشي بجسم الاخوان المفلسين مطايا وكلاب الفرس,0
اللهم قني شر نفسي,1
والله هذا الى حصل معانا ومع ناس كثيرة بدل حب الحرام بحب الحلال يبدل الله كيانك,1
الحل الوحيد هو القرب من الله وذكره الا بذكر الله تطمئن القلوب قال الله تعالى,1
اتحزن فإن الله يدافع عنك ، والملائكة تستغفر لك ، و المؤمنون يشركونك في دعائهم كل صلاة ،و النبي صلى الله عليه و سلم يشفع ، و القرآن يعدك وعدا حسنا ،و فوق هذا رحمة أرحم الراحمين,1
الاولى من تغيير العالم تغيير النفس التى بداخلنا,1
مسوي انه مندهش,0
ربنا يبارك فيك ويبارك فى كل إللى ساعدك الحمد الله وسبحان الله,1
كلب واطي,0
الحق مش على لجنة التحكيم الحق على الاغبيه المشتركين,0
اللهم اصلح لنا حالنا,1
كلمات حلو,1
شي مؤكد انك حمار,0
ان شاء الله هنكمل مشوار النجاح,1
الحمد لله الذي هدانا لهذا,1
ده سوسن خالص ينهار اسود,0
عيب يغني ده السادات وده ابن مره,0
وربي كلبتي جات جلست عندي أول ما فتحت هالفيديو ويوم خلص التفت لها إلا وألاقيها نايمة,0
جهنم وبأس المصير,0
انبسط يا عم و افرح,1
اللهم اني اسالك اخلاص النية و كرم الطوية,1
اقلب وجهك,0
و خير الابتسامة,1
الظاهر عقلك تافه من اصحاب العقول المقفلة,0
أسأل الله أن يرزقني من يدعو لي في ظهر الغيب,1
لا احدالاخوة,0
صباح العسل,1
يارب اجعلنى من المصلحين,1
الخشوع هو المرحلة التالية للتركيز والتركيز يأتى بإطالة القراءة والتدبر واطالة الركوع والسجود,1
اصبحنا و اصبح الملك لله اللهم لك الحمد احييتنا بعد ما متنا و اليك النشور,1
من يتقي الله يجعل له مخرجا,1
ثقيلين دم كثير,0
من اين لنا المياه لتبريد المفاعل النووي فهو يحتاج الى نصف مليون مترا مكعبا من المياه لتبريده سنويا على الاقل والقاصي والداني يعرف اننا في بلد يعاني من شحة المياه اما كعلوم و معرفة بالعلوم النووية و الطاقة فانا احب ان يتعلمها المتعلمين في بلادنا بدءا من جدول مندلييف للعناصر مرورا ب العناصر المشعة و نظرية اينشتاين للطاقة و نظريات الفيزياء الكمية و البحث في عمر البروتون و النيوترينو والكواركات واللبتونات والuncertainty principle و النظائر المشعة و تفتيت الذرة و اشعة جاما و بيتا و الفا و الراديوم و البلوتونيوم و البروتونات و كافة النظريات بما فيها انواع المفاعلات النووية و تجارب الامم فيها مثل اليابان و المانيا و روسيا و فرنسا و امريكا و للعلم فقط انها علوم نظريا سهلة و بسيطة و يستطيع فهمها حتى الانسان ذو الخلفية و الرغبة العلمية و على جميع او على الاقل جزء من علمائنا ان يقرروا المسار الذي يجب ان نسلكه و نسير فيه بهذا الخصوص بموازنة المخاطر و المكاسب و بعدها و على اساس النتيجة و الفائدة الواضحة يتم الاعتماد لقرارهم ان كان سلبا ام ايجابا,0
البرنامج الي بعد سوبر ستار الي يقلده دم ثقيل,0
جميل جدا,1
رب فعل صغير يستعظمه غيرك و خاصة ان كنت تمثل الاسلام,1
مررة دلوع,0
مزعج الي كثيير,0
ده عمله نادرة الاخلاق ملهاش علاقه بالدين,1
المشكلة ناس بتسمع حالها بالحمام هيه وبتغني وبتقتنع خلص,0
مصر مش عايزة رئيس يحكمها المصريين شعب مطحون عايز رئيس يحقق له مطالبه ولا يعارضه زهقنا بقى خلاص,0
الله يهدي التائهين والضالين الى طريقه,1
انسان غريب,0
أفعال لا تضاهيها أقوال,1
و الله ثقف نفسك ده بيقول كلام زى الفل,1
يع حاسة حالي بدي استفرغ,0
عظيم هو إسلامنا،,1
اذا اليابان اكلت هوا من النووي كيف احنا,0
نحن في زمن يهان فيه المرء ويكرم فيه الكلب,0
جد اشي بخزي,0
مش شايف العالم مش ملاقيه الخبز كل واحد بشتغل على سياره رح يوكل هوا و بارتفاع المحروقات الاكل و الشرب رح يرتفع,0
اللي موافق عالمفاعل يبنيه جنب داره ما يسطح الواحد غير المتحذلقين اللي يخلوا حالهم مثل ابو العريف ما حد يفهم غيرهم رابع افقر دوله في العالم في المياه وتبنى مفاعل نووي استنوا لما يطورو مفاعلات نووية صحراوية وبعدين اشطحوا,0
يا اخوان انتبهوا الى انة اكثر المشتركين المايعين من لبنان او سوريا وهذا حالهم لان تركوا ملة الاسلام وتبعوا الميوع مع الشيطان,0
ليش معصب يا عدولة,0
عمل السريرة هو العمل الخالص لله اللهم ارزقنا عمل السريرة,1
تذكر من كذب يكتب عندا الله كاذب لا اله الا الله اما من يتحرى الصدق يكتب عندا الله صادقا,1
و يرزقكم من حيث لا تعلمون,1
ياا الله ما احلاه من خبر والله فرحتوني,1
بارد ومصقع,0
انا لله و انا اليه راجعون و الله يستر هالبلد,0
ااه ياشويه عاهاات,0
أحسن شيء العمل الذي يؤدي للاستمرارية,1
يا ثقل دمه الاصلع,0
اللهم وفقنا لما تحب و ترضى يا رب,1
اللمة هي احلى اشي بالافراح,1
اللهم انصر المسلمين و المسلمات في كل مكان,1
ما شاء الله والله انها امر متل الكرتون,0
و شباب صايع مو ملاقي ياكل,0
يا فضيحتك يا لبنان بهيك عالم اما هيدا سكت اني ولك دخيل الله خليك ساكت,0
نفسي يوم اكل وانا مش مستعجلة,1
سبحان الله و له فى خلقه شؤون,1
ربنا يباركلك يا أستاذي و يعزك,1
والله تحشيش,0
غباء في غباء لان نفس الحركه صارت في american idol يعني قلدنه البرنامج وبعد التصرفات اووف,0
يارب احمينا من شرور انفسنا وسىئات اعمالنا,1
صباح الوجه الصبوح,1
اللهم اجعلني من يتشرف به الاسلام,1
مش حلو,0
اقطع راسها وخلص,0
الحروف عنده مزغوبه,0
أهلا وسهلا بك بيننا يا طارق,1
عيب عليك ماتستحي,0
اللهم القلوب الضاله,1
عــرب جــرب,0
كنت اشوف الاجانب اقول موسوسين,0
انشالله انو يطلع كلام فاضي لانو اذا ضربت سوريا الاردن رح اتصير حرب عالمية ثالثة وما رح اتخلص غير لما نتخزق,0
لو يطلع عليهم من مخيم اربد و من مخيم الحصن و من مخيم الزرقا و من مخيم عمان و من مخيم البلقاء و من مخيم الشهيد عزمي المفتي بفضحو عرضاتهم كلهم,0
دلوع,0
الذي طبعه رائع ما يمكن ان يتغير راح يبقه رائع,1
ربنا يقوينا ويقدرنا,1
فعلا اللي بيســتحوا ماتوا,0
اللهم معنا علي طاعتك ورضاك وقوي عذامئنا,1
يا لطيف الله يلطف فينا و يصلحنا ظاهر باطن,1
بعن الله ابوك انت وعدوله يالسامج,0
على فكره المعلقين هدول ولاد حرام,0
الكلب حده روعه,0
الله اكبر شو هيدا اكل الرجال,0
روشتة علاج لأخطر الإسقام بارك الله في كاتبها,1
يارب كرهنى وابعدنى فيما يغضبك,1
للأسف البعض يعتقد ان المفاعل النووي سيحل مشاكلنا الاقتصادية و لكن الأردن لا يمتلك موارد مالية و هذا يعني الحاجة لشريك أجنبي كما اعلنت هيئة الطاقة يملك غالبية الأسهم كما في تركيا على سبيل المثال وذلك يعني ان هذا الشريك سيمتلك الجزء الأكبر من المفاعل ولن يكون ملك للأردن وبالتالي ستقوم الحكومة ايضا بدفع تكاليف الكهرباء للمستثمر وبالتالي المفاعل النووي لن يوفر لك الكهرباء بسعر قليل,0
الى ابن بشار الاسد كس اخت ابوك,0
اهلا بيك فى دين الله ربنا يثبتك ويزيدك ايمانا انا فرحانه بيك كتير,1
ان من صفات الاسلام الامانة,1
يا سلام على الوفاء,1
وعجلت اليك ربي لترضي احبك ربي,1
يعني عدولة اللي ابصر من وين جاي كيف وصل عشان تشوفة لجنة التحكيم مبين عليه مجنون و مش شايف اشي قدامة,0
اش التفاهه هاذي,0
يع بتقرف انت وسخ,0
ليتنا نستطيع الابتسامه في الاوقات المؤلمه,1
استغفر الله مجانين يروحون سوبر ستار,0
الله يبارك فيك جمــيله,1
تابعت هذا الجوال من بداية صدوره وقبل اقترابه للعالم العربي فعلا يستحق كل هذه الاهمية,0
ايس شراع القرف,0
هادي الاخوة الصادقة,1
صلآة آلفجر,1
هالانسان مجنون لابس بدلة رياضة وجاي يغني حتى لو صوتك زين اللبس عدل,0
ربنا يثبته,1
يا ترى الحكومه بدها تزيد دعم المواطن الي الله يكون في عونه,0
صحح الخبر مش تحرير المشتقات النفطية و إنما توليعها,0
ركز في الإجابه وقول يارب وخد قرار,1
كل الاحترام,1
يلعن ام اللي باخر المقطع حق عدوله يا هو ثقيل دم,0
إعجبه إطعم آكيد حمضيات,0
الحمد لله الذى لا يحمد على مكره سواه,1
لنفترض جدلا ان لا اضرار صحية و بيئية سينتج عن بناء مفاعلات نووية سلمية ، دعونا نفكر في الكلفة من حيث اولا كلفة بناء عالية جدا لعدم امتلاكنا لهذه التكنولوجيا على شكل ديون تثفل كاهل العشر اجيال القادمة، ثانيا لنفس السبب سنستورد خبراء للتشغيل لسنوات طويلة مما يزيد كلفة الطاقة وليس العكس ناهيك عن حصول اي اخطاء مفترضة مستقبلا ثالثا اين هو المكان البعيد عن المدن في الاردن واين مصدر المياه الكافية للتبريد رابعا من حق المواطنين واصحاب القرار الحصول على تقرير منشور للاثر البيئي مسبقا بنفس الوقت نستطيع الحصول على نفس كمية الطاقة من الصخر الزيتي الذي نمتلك منه احتياطي هائل ومن الغاز الطبيعي المؤمل مستقبلا ومن الطاقة الشمسية ومن طاقة الرياح بكلف نسبيا اقل بكثير من النووي دون اعباء ديون اضافية,0
الله اكبر ما احلاكم وما اشجعكم,1
مش النووي ان صار وما اظنش اسرائيل تسمح باقامته بهالسهولة هو اللي بيعني انو احنا متطورين او متقدمين,0
يا رب خد بياايدينا يااجبرنا ياجبار السموات والارض,1
توكلت عليك يا الله,1
بالفعل لازم كل واحد بيتكلم عن الدين اقل مافيها يلتزم باقل مبادئه عشان يكون قدوة مش ييخلي الناس تقول هو ده الدين,1
تسلم صرمايتك,0
صوتك موش حلو,0
اللهم اكفني بحلالك عن حرامك واغنني بفضلك عمن سواك,1
يأتيك بالأرزاق من حيث لا تدري,1
بيه الزناخه,0
انت واحد ما بتستا هل الجزمة,0
قصدك اخر ما توصل اليه العقل البشري من تفاهات,0
والله نفسى بس الواحد بيجى علية فترات ينسى يعمل اية بجد,1
اتفه برنآمج عآلمي,0
التاسعه تبي تكسر الكميرا,0
كلام حقيقي,1
مفيش اكرم ولا ارحم من ربنا,1
نحن نرفض المفاعل النووي,0
مش طبيعي سماكة الدم شو ها عدولة خرب المفطع لشو المبالغة والاوفر يعني,0
هه ولكو ما إحنا ميتين من دون هالوسطه,0
لا للمفاعل داخل الأردن,0
اعطيه علي راسي هدا الصح ياحاجه الله اكبر,0
مقرف جدا هذا الشخص,0
شكلها ملجلجه,0
شو الاشي الي بيضحك ما ازنخك,0
بس انا دايم احسها خشنة و رجال,0
لو يبطلو سرقه بهالخزينه و الله الشعب ليعيش و لكو ارحمونا حرام عليكم,0
بيخزي,0
والله الرساله دي جاتلي في وقتها قولت اكيد ربنا بعتهالي الحمد لله وخات القرار,1
للأسف البعض يعتقد ان المفاعل النووي سيحل مشاكلنا الاقتصادية ولكن الأردن لا يمتلك موارد مالية وهذا يعني الحاجة لشريك أجنبي كما اعلنت هيئة الطاقة يملك غالبية الأسهم كما في تركيا على سبيل المثال وذلك يعني ان هذا الشريك سيمتلك الجزء الأكبر من المفاعل ولن يكون ملك للأردن وبالتالي ستقوم الحكومة ايضا بدفع تكاليف الكهرباء للمستثمر وبالتالي المفاعل النووي لن يوفر لك الكهرباء بسعر قليل,0
Noاكيد بقرف,0
هه وهابي عفن ومكبوت تفكيرك محصور بين فخذيك فقط لاغير الجنة اللتي ستدخلها أنت لا أريد دخولها، جهنم أشرفلي وأهون علي من أن أكون مع أحد الوهابيين المنحطين لواطيي الأطفال,0
لا وحده مع القران هو انيسي ام الغرام فلا احتاجه مطلقا,1
اصلا سوبر ستار للعاهات,0
الله يعطيك الصحه و العافيه,1
اللهم ارزقنا الصدق و الاخلاص,1
هذا اكيد,1
حفظ الله وطننا من ايدي المنافقين المتأردنين,0
يارب قويني,1
العرق كل شوي يزييد,0
اللهم انر قلوب المسلمين و ايقظهم من غفلتهم,1
من اجل هذا تم قدوم الف من الجيش الامريكي,0
كلهم معندهمش احساس,0
سوبر سطار ولا بلاش,0
اللهم انا نعوذ بك من الرياء و النفاق,1
يا من شق البحر لموسى حتى خرج,1
من ترك شيئا لله عوضه الله خيرا منه,1
اه يا ابو القمل,0
مشان الله حد يعمله هوشة بدنا نعطللنا شوي,0
استخفف التحكيم,0
رهيب حسن تعاالى تعاالى,0
من جد سوبر أبقار,0
اللقطة الكزميدية بالآخر دمها تقييل,0
ما احسنهم الله يكون معهم,1
ستجد مساعدة الله وعونه لك عندما تكن النية صادقة,1
اللهم ثبت قلوبنا على الايمان,1
الاردن لا تمتلك اي الخبرات الفنيه في انشاء او صيانة او تشغيل المفاعلات النوويه لاردن ليس لديها سوى شهادات دكتوراة في هذا المجال نظرية بحته ان انشاء مفاعل نووي يعنى مقامرة كامله بمئات الملايين و المضحك في الموضوع ان بداية المشروع ستكون انشاء مفاعل تجريبي او تعليمي يتبع لهيئة الطاقة النوويه اليس الاجدر بهكذا مفاعل ان يتبع لاحدى الجامعات ؟ علاوة على ان كل هيئة الطاقة تم انشأها رضوة لفلان وعلنتان الاولي يا سادة ان يتم طرح انشاء شركة للتنقيب عن اليورانيوم وبيعه و لتصبح الاردن دولة مصدرة لهذه المادة امر اخر كثر الحديث مؤخرا عن انه يوجد في الاردن بترول و بكميات على الاقل تكفي استهلكنا المحلي,0
أما وهابيتك فحدث ولا حرج الناس يقادون إلى المساجد غصبا ويجلدون كالأبقار إن هم أبوا,0
وفقكم الله,1
اترك ما تهوى لاجل من تخشى,1
خت قرار كتير وبرجع تاني بحاول اتغير ومش عرفة,1
تم تنفيذ الحكم الي في الرد الاول وتم اعدام اول راس والباقي بالطريق,0
والله الواحد بيدعي كثيرا ان ربنا يجعلنا في طريق مستقيم,1
سخافه مالها حدود,0
يلعنك نذل,0
ماعندك شرف,0
فقد عجزت الكلمات,0
يا رب ما لنا سواك,1
والله رفعتوا راسنا يا شباب الله يقويكم,1
شو عاجبك فيها متلا ؟ لتكون سيارتكم,0
الابتسامه جميله,1
من كانت له عزيمة لن ييأس ، ومن ابتغى الأجر من الله ثابر، حياكم الله اخي مؤمن,1
ولا شكل ولا صوت منين جايبينهم هالكائنات الغريبة ااه يابطني بس,0
ياحيوان,0
حسبنا الله و نعم الوكيل فيكم و في مجلس النواب الحالي و الذي لا يمثل الشعب الاردني فهم غير سأئلين عن الشعب يبحثون عن مناصب وزاريه و رواتب خياليه بينما المواطن الاردني طفح الكيل معه و اصبح لا يطيق الحياه,0
اللهم رزقنا مكارم الاخلاق,1
صباح الدرب للجنة,1
الله عليك بجد رنا يهدينا كلنا ويهدي شباب المسلمين جميعا يارب العالمين,1
اذا لم تقل لا للظلم فسيستمر إلى الابد,1
برنامج ساقط,0
يرزق من يشاء بغير حساب,1
لأن ما بعتقد انو في هالقد عاهات ما بيعرفوا انو صوتهم نشااز لأنو كتيير نشاز وازا في رح تكون حالات استثنائية مو بهاد الكم الكبير,0
تخسا هما وكل واحد بشد عأيدهم مشكلتو شعب سوري يدعون البراءه وهم في قمة النذاله,0
خرى عليك,0
إنما المؤمنون أخوة,1
سبحان الله مالك السموات و الارض,1
خلتنى ابتسم رغم انى مكتئبة جدا,1
هذا الشخص هو انت يامصطفى,1
اهما ودهم يروحون النار لكن النار مارضت فيهم,0
الله يشافيك و يعافيك من كل داء وهامة أخي سيد الوكيل,1
مجانين أحد يضحك عليك وأنتم قدامه وتكمل,0
اللهم اهدنا الى صراطتك المستقيم,1
ربنا يكرمك على سعيك وحبك للمساعدة,1
يا مقلب القلوب ثبت قلوبنا على الاسلام,1
تسلم انت و افكارك,1
كلام جميل الكرامة أفضل و ابقى للإنسان,1
حلوه قوي يا د عمرو و لو كل واحد تيقن من هذه القصه لن يوجد حاسد و لا ظالم و لا متواكل اللهم ارزقنا رزقا حلال طيبا اللهم آمين,1
والله حرام يعني مايدرون انهم مصخره,0
لو كاكا بالبرازيل كنت اعطيط لايك بس هيك فشر,0
بسس مقزز,0
رائع ولاجمل حب ربنا,1
كسم البرامج العربية متخلفة بنت شرموطة,0
اللهم ازرقنا رزق حلالا تغننا به عن حرامك سبحان القادر المقتدر بيده ملكوت كل شيء,1
شغل مشغول قرف يع,0
جورج وسوف حلب مو طبيعي,0
الظاهر اهلها مفقعين وجهها قبل ما تجي ومغطيه الفلعات,0
سبحان يهدي من يشاء ﻻإله إﻻالله محمدرسول الله,1
اننا نعيش في زمن بلا رحمه,0
وبالمناسبة، اذا على مصادر الطاقة، فالاردن غني بالزيت الصخري، وفش داعي لمصايب جديدة ع البشر والبيئة,0
السعي وراء الرزق عبادة و جهاد,1
فعلا الطاقة الشمسية هي البديل و ليست النووية لان حتى الدول المتقدمة صارت تتخلص من النووي و تتجة للطاقة البديلة و خصوصا احنا الاردن بلد مشمس عالطول السنة و الكلفة ما اتوقع اكثر من الطاقة النووية,0
الله يثبتك و ينور طريقنا,1
ربنا يعيننا علي نفسنا,1
الحمد لله الذي رزقني بالإسلام,1
احنا ما بدنا اياه لانا ما منفهم المفاعل النووي فوق طاقتنا صعب علينا و بكرة بذكركم و سألوا الباص السريع الثقة معدومة القمح فاسد المصفاه مش حسب المواصفات الخضار و الفواكه مواد كيماوية شوارع مش مصانة حفر و مطبات الخ الافضل استغلال الطاقة الشمسية او الريح او الماء ليس هروب من التطور و انما الابتعاد عن الفشل الأكيد عبر التجارب,0
و تربت على كتوفنا و تشحننا بالتفاؤل أيضا و صباحك أسعد,1
يمكن امركا والصين الي بتحكي عنها مساحتها قد الأردن بمية مرة يعني لو صار تسرب نووي او اي مشكلة بتنحل اما الأردن اي مشكلة بتاثر على البلد كلها بعدين احنا حكومتنا خلصة كل أنواع التطور و ضايل عليها بس تعمل برنامج نووي و بتصير زي امريكا و بجوز يعطوها حق النقض,0
نحن نحبك في الله و ندعو لك بظهر الغيب,1
انتو كلاب ازى تسو المصحف بى كلابه زى ده,0
اصواتهم مع التوتر خربت,0
انا احب هذا الكاتب,1
اخر واحد حسسني اني لازم اطرش او اروح الحمام,0
هه هه بكفي القعدة تبعته,0
فشرت عينك,0
طيب ليه السخريه دى ماكنا كويسين,0
كلنا ما انتصرنا على نفسنا وعلى الحاجة ددي إلي متعبتنا ومبعدتنا عن الله ،,1
الماء اساس الحياه,1
بدك الصراحة و بدون زعل جهنم و الزبانية من الملائكة تنتظرك تموت لتشرب من فروج المومسات و صديد اهل النار ان شاء الله يا اوباش سوريا,0
الله ع الكلام الجميل,1
حرام,0
فاشلين الى ما لا نهاية,0
قول يارب وخذ قرار,1
حسبنا الله و نعم الوكيل في اناس همهم تجويع الشعب,0
تحياتي ياشيخ,1
والله اول واحد سمعته منهم احسب سمااعتي خربا يابطني من الضحك والله زااحفين,0
ونشوف اغلى الاحبة في الروضة الرحيبة,1
السلام عليكم الحقيقه انا لا اعرف شو وقاحة هاي اللجنه المشترك يعطي ما عنده من مواهب هذا ما عنده وهم يعطون ما عندهمما,0
اكيد لا الله لا يحرمنا من هالنعمة العظيمة,1
طول عمرك تخاف من الحب أجل,0
شفتها اقول وشذا الكيك,0
لعن الله المتشبهين من الرجال للنساء,0
قصة جميلة تعلم الناس كمان الامانة لان اذا اخذ القليل اخذا الكثير,1
مسخره والله,0
اللهم اصلح حالي و احفظني و نور قلبي و اجعل طريق الخير طريقي و اجعل عملي خالصا لوجهك الكريم و توب علي و اغفر لي زلاتي,1
بعئد,0
ربنا يقويكى على اخد القرار الصح واحسنى الظن بالله وتوكلى عليه وربنا يقويكى على ضعفك ياارب ويعدك عن الغلط ده,1
صباح كل جميل في هذا الكون,1
سوريا تعرضت لمؤامرة والامر المحزن ان ولاد سوريا انزلقو فالمؤامرة هاذي والشنيعة,0
الاخلاص اللهم انا نسالك الاخلاص فى القول و العمل و السر و العلن,1
هذه البراامج اللي تخلف العاهات للفن الهابط فن اليومين هذا,0
الحمد لله على القضا و القدر,1
شو هالغباء فضحتنا,0
وعلي الله قصد السبيل,1
يارب يتقبل منا والله العقل مو فاضي والقلب مكسور,1
سأبقى رائعا معك إلى النهاية إن بقيتي رائعة معي إلى النهاية,1
شو هاد البرنامج معقول عرضوه على القنوات,0
انا دايما فرحان و مش سائل بالدنيا و الحمد لله,1
تضحك كانها مفجوعه من شيئ,0
اخر واحد يادلوخ ياحمير تمثيل,0
العاهات اللي عندهم ياناس رووح موتو ابرك لكم,0
الثقة باللة ثم النفس ويارب اجعلنا من يغير الناس الي ما ترضية,1
صدقت والله انت تريد وانا اريد والله يفعل ما يريد,1
ربي ينعم علينا بنعمة الخشوع,1
لا بقلو بيضه حكي فارط احنا الاردنيه ما حد بيطلع معنا براس,0
كلامك جميل ورائع,1
ربنا يتوب علينا من المعاصى,1
مش عارف كيف اهلهم سمحولهم يقدمو في البرنامج هادول شغل بطون,0
اشاعه,0
و الله حرام الناس مش لاقيه توكل حتى ترفعو البنزين,0
خلق الايثار,1
كلام بليغ اللهم أرزقنا الزوج الصالح من يعرف معني رفقا بالقوارير,1
يا رب كن لي وكيل,1
والله انا خايف انو طخوا بعد هاي الصورة,0
يعني هيك برامج بتبين للناس وين صرنا و كم صارت نسبة التخلف بين شباب امتنا,0
باللــه عليكم ألم تستحيوا من انفسكم قبل قدومكم الى هذا البرنامج ثم الم تعلموا ان هناك مسابقات لانكر الاصوات في قناة اخرى,0
هه والله صدقتي همة اصعب شئ الستين سنة الاوليات,0
صراحة الارادة و القناعة هيا الغنى الاكتفاء,1
ما شاء الله العطلة مأثر عليكوا كتير صبايا الكل بحكي حبيبتي وحبي وبلمدرسة كل واحد بكشر من جهة,0
يعني هي ما راح تعتزر,0
ربنا يقدرنى ويعفو عنى,1
لا طبعا التقرب الى الله هو خير علاج للحالات النفسية,1
من يستمتع برؤية الناس في مواقف محرجة فهو سادي و غير اصيل و نفسه ضعيفة و مريضة,0
معظم اصحاب محطات الوقود و وكالات الغاز متنفذين لقد زاد الغني غنى و الفقير فقر,0
فعلا البت جده لما تحتاج ليه هو الانسان الصادق و هو البستاهل تضحي عشان,1
بعين الله يا امال كلهن ستين سبعين سنه وبمضن وبتهون,0
اللهم اني اسألك خشية في السر و العلن,1
نا بدي نموذج لسبونج بوب هه,0
سبحان الله اللهم أرزقنا الطمأنينة و اليقين,1
معلومه ممتازه,1
اخر واحد اش فيه؟ مجنون؟؟ المفرووض اللجنة تمنع المجانين,0
والله حرق لاخوات الكلب,0
مش عارف كيف الناس بتحبك يا زلمة؟,0
تبارك الرحمن اللهم زد فينا وبارك لنا ياارحم الرحمين,1
استعينوا بالله يا مسلمين,1
اللهم إني اعود بك من الذنوب التي تزيل نعمتك وتحول عافيتك وتحبس رزقك وتعجل بغضبك,1
يلعن اخت اليهود اذا بدهم يرجعو شبر من فلسطين ل هاالمنا,0
وسبب برفعة ضغطك,0
بارك الله فيك أنانضال فدعولي بزوجة صالحة,1
كلام ما في جدل,1
والله انك مسخره يا عجوز,0
الحمد لله على الفهم,1
أفتخر إني مسلم نعمه من نعم ربي,1
اصلا هدا يمسى مرض الرهاب الاجتماعي خجل رجفة,0
الله لا يرفعه من مكانه اللي برفع الاسعار,0
شكرا دكتور فكلماتك لها بالغ الأثر في نفوسنا,1
وهاد اللي بخبص حكي ملوش معنا ابن مين هاد,0
احس بمرض لاشفت هالبرنامج,0
اسفل من بعضهم,0
اللهم ارزقنا الصحبه الصالحة,1
يا اخوان مش عارف ليش النووي و احنا عندنا النووي الطبيعي شمس ورياح نسبة سطوع الشمس بالمملكه على مدار العام يوم من يوم وعندنا بالاردن اذا خط ماء بينضرب بيقعدوا اسبوع الى اسابيع لما يصلحوه ايش بده يصير فينا بكره مع النووي بالاضافه الى انه ما عندنا ماء نشرب من وين بدنا نجيب للتبريد الله يهديهم,0
بجد موضوع رائع وانا اجد انه مناسب ايضا لهذا الوقت يارب احفظنا من جميع الفتن,1
يخرب زوءك,0
كل سنه وانتم طيبين,1
يناس جلدة الغاز مجانا,0
روح انتحر,0
اللهم استخدمني ولا تستبدلني,1
كنا نقول عاهات,0
اجل اسقاط حكومة طروانة,0
اللهم اعصمنا م معصيتك,1
ما سال لله الهادي الخالق,1
صدقت,1
اللهم اجعلنا من اللذين يصلحون فى الارض ولا يفسدون,1
هيك بدهم الخونه اتباع ايران الاخوان المفسدون,0
اللهم إني أستغفرك من كل الذنوب والمعاصي وأتوب إليك,1
يارب اهدنا وقوى عزيمتا الى ما تحب وترضى,1
كانت تسوي مقلب انها محترمة بعدين اعترفت انها,0
رائع,1
اسفل من بعضهم,0
الله يقويك,1
الفاتحة علي ارواح الغلابة,0
يستهبلووا,0
صباحات العقول اليقظة و الهمم الحيية المتوثبة,1
احلى اشي الواحد يوكل بدون ما يطبخ,1
اوقف القرار للحفاظ على الوطن,0
ربك دايما جنبك لو نديته هتلاقيه,1
طوقان بدور ع منصب يضل فيه عشر سنين لقدام لاسئلان في نووي و لا سلامة الاردن,0
رجعتولنا الفرحة اللي نسيناها,1
الله يتئبل صلاتنا,1
والله لو يجمعونهم على شاطئ البحر الميت ويخلونهم يصرخون على اليهود ولمدة ثانية ليهربون لقبرص عن طريق البحر سباحة,0
اللي لازم يصير اضراب جميع موظفي الدوائر الحكوميه و الخاصه لمدة اسبوع و شوف بعدها,0
ربنا يكرمك يا دكتور,1
و الله انكو ما بتخافو الله,0
غبيي من جده,0
اللهم ارزق ابناء المسلمين زوجات صالحات وبنات المسلمين ازواج صالحين,1
هاد برنامج وسوبر ستار بنامج شوف البريطان شو بعملو فعلن سوبر الهبل,0
حفظ سور جديدة و تسميعها فى الصلاة يساعد على التركيز,1
الله يثبت قلبك على ديننا الاسلام,1
يلعن الساعة الي بشرت فيك,0
اللهم قني عذاب النار و ادخلني جناتك,1
و الله احلا شيء انه الواحد يهاجر او يشتغل حرامي عشان يقدر يعيش الله لا يوفق الي كان السبب و الله حرام,0
يجب على كل مسلم الإعتزاز بدينه في جميع الأمور صغيرها و كبيرها,1
يارب وانت إدعيلي,1
شكرا لك,1
تبتنا ياربن علي دكرك وشكرك و حسن الخشوع في صلاتك,1
الى من اشكوك,0
اللهم استخدمنا في طاعتك,1
اللهم أنزع من قلبى حب كل شىء لا تحبه,1
اغبياء,0
عجل يا الله,1
اللهم أبعد عنى شهوات الدنيا وقربنى منك وأغفر لى ولكل المومنين,1
باذن الله بديت ولو مؤخرا بنفسى الحمد لله,1
و الله حرام و الله موتوه لشعب الاردني من وين بدنا نجيب الكو من وين يا الله ارحمو من في الارض يرحمكم من في السماء و الله حرام,0
هاض بني ادم حقير,0
صباح الحب من الله علينا جميعا,1
اللهم اكفنا بحلالك عن حرامك,1
لانهم يمكن يكونو قاهرينك,0
لا دة ذكاء,0
نعم الوقت يمر بسرعة,1
الله يسعد كل البشر امين يا رب,1
هؤلاء معوقين,0
فاشل فاشله برنامج فاشل,0
لازم اخر ما توصل اليه العقل البشري من غباء اخوكم حمزة اللهواني من الاردن,0
ان شاء الله يتقبل الله صلاتنا و يزيد في صلاتنا الخشوع,1
قصد وهو كبير,0
اللهم أعني على ذكرك و شكرك و حسن عبادتك,1
كرامتي افضل من سعادتي,1
هه انا من ناحيتي هاظ الانسان الي قاعد بلنص اقرف واحد,0
تحيه لأهل فلسطين الغاليه,1
بعرف بس مو حلو,0
يلعن اوم الطفش,0
بدكو تخلونا نشحد,0
الله يبارك لنا فى ايامنا,1
طول عمر بخاف أن أمثالك يصبحوا مطربين,0
ان الله على كل شيء قدير,1
الظاهر أنه جايين يستهبلون عالحكام بس,0
المرأة تهان وتعامل كأداة جنسية تحت مسميات عديدة كالمسيار والمسفار والمصياف إلخ وكلو بتمنو,0
ربنا يكتر من امثالك يا مصطفى,1
يا سلام ما أحلى أن يواسي المسلم أخاه هذه هي أخلاق الإسلام التي أصبحنا نفتقدها يوما بعد يوم,1
البرنامج فاشل جدا,0
الحمد لله اصبح على وجهك المشرق كل يوم,1
حينما ننجح فى الانتصار على انفسنا,1
خمسة مليون يوقعوا علي رفض المفاعل لانة سوف يدمر الاردن لان التقدم ياتي من خلال عدم النهب للمال العام يعني يجب وقف النهب وهذا مشروع فاشل من يومة,0
يمكن جايين سكارى ويغنون,0
كلام طيب,1
للهم أملأ قلبي بحبك وحب نبيك وحب كل عمل يقربني إلي حبك,1
بيجيبو الشيوخ ليسهزاءو فيهم,0
صرماتي براس اهلك,0
انا متشائم و رح اضل متشائم حتى ينزلوا البنزين,0
اللهم ارزقنا من خيري الدنيا و الآخرة و ارزقنا حسن الخاتمة و ارزقنا الفردوس الأعلى مع من نحب و ارزقنا لذة النظر إلى وجهك الكريم,1
شو نوع الحشيش ؟؟,0
اللي صوةتو بشبه ابو وديع ليش بتمسخرو عليه,0
لا اله الا الله محمد رسول الله,1
البسك الله ثوب الصحه و العافيه صباحك ورد,1
الله يخزيك,0
والله عيب بهدلتو حالكم,0
قول يارب ادعي كتير انك تكره هذه المعصيه وربنا كريم,1
يا شيخ خالد ربي يحفظك نبي منك طلب,1
كس امكم يالعرب يابهايم يابقايا حضارات الامم,0
ولا مستحيل يطلع واحد يفشل نفسه كذا,0
اللهم اجعلني مقيم الصلاة و من ذريتي,1
فعلا فضايح ما توقعتها في شبابنا المتخلف اخلاقيا وصوتيا وبدنيا اها وعقليا بالتأكيد,0
انت جيت في وقتك والله,1
الا يكفي ان نسبة مرضى السرطان في الاردن اعلى نسبة عالميه بسبب مفاعل دايمونه الاسرائيلي و بكل جهل نضعهه في بلدنا؟؟,0
هات ناس تفهم والمثل بحكي اسأل مجرب ولا تسأل خبيير,0
الطاقة الشمسية هي البديل و ليست النووية,0
صلوا علي من بكي شوقا لرؤيتنا,1
لقد اتحفتمونا بلجوكم لجيبتنا التي انفجرت بفضلكم و الفاسدين يتنعمون باموالنا فهل اصبح فاسدا لأعيش,0
الرفض القاطع للمشروع لانه بس يتم و يشتغل تمام رايح ينباع او يتم تاجيره و نصير نشتري وقود مخصب و يصير اغلى من الكهربا لانه للاسف ما فيه شي بعيد عن ايدي المفسدين و الاستغلاليين او يصير زي مشروع تسمين البقر ؛ينتجو الطاقه و تروح لاطراف خارجيه خالرج اطار حاجة العامه,0
الله يبارك فيك لانك غيرت في صاحبتي كتير وهي من المتؤثرين فيك وهي اللي عرفتني عليك,1
هذه رويدا عطيه يا الخبوول,0
من جد مجنون,0
كل شخص فينا بيتمنى الخشوع في صلاته يا رب يتقبل صلاتنا و صيامنا,1
الك يوم يا ظالم,0
احنا ما بدنا اياه لانا ما منفهم المفاعل النووي فوق طاقتنا صعب علينا و بكرة بذكركم و سألوا الباص السريع الثقة معدومة القمح فاسد المصفاه مش حسب المواصفات الخضار والفواكه مواد كيماوية شوارع مش مصانة حفر ومطبات الخ الافضل استغلال الطاقة الشمسية او الريح او الماء ليس هروب من التطور وانما الابتعاد عن الفشل الأكيد عبر التجارب,0
الدول المتقدمة الان تتجه لستخدام الطاقة المتجدده لانها اقل كلفة وليس لها مخاطر على البيئة والانسان ونحن الان نعاني من ضائقة مالية كبيرة وشحة مياه شديدة وكلنا يعلم مدى حاجة المفاعل للمياه اذكركم فقط بما حدث في اليابان وهي الدولة الاكثر تطور في مجال التكنولوجيا وهي عبارة عن جزر وكذلك كم أثر علينا المفاعل النووي الاسرائيلي وحالات السرطان المنتشرة ولو لاحظنا التشوهات الخلقية الاكثر في جنوب البلاد,0
حسبنا الله و نعم الوكيل فيكوا,0
فعلا احس في نفسي دللك,1
كلامك يشعرني بالتفاؤل و يمدني بالقوة و الاستمرار,1
مافى أجمل من قوله يارب ومن يتجه الى الله عز وجل لن يتركه الله ابدا,1
تحفة,1
انت عنجد بنت فاشلة,0
ثبتك الله يا أستاذي و نصرك,1
سخيفه ب قووه,0
امين,1
الحمد لله مااكرمك يا الله,1
يا هيك الشباب يا بلاش,1
كن انت ذلك الشخص,1
هل الثقه بالمشتركين زاايده لدرجة العمى أو ان محيطهم يجاملهم بجمال صوتهم,0
عذبت ام العود,0
إلى بشار الاسد كــس أخــتــك,0
عاهاتك يا وطني,0
صار عناد وكره و قلة أدب بس ظلموها,0
اعنكم الله و تقبل منكم و يسر طريقكم,1
ابتسم امام كل الناس لتسرهم و تجبر خواطرهم فتبسمك في وجوههم صدقه,1
لاا وربي صوتها غلييظ جدا,0
صباح الاماني المحققه باذن الله,1
مقال رائع والله يهدي بناتنا ياارب ويرجعهم للصواب,1
رح اجتهد باني اكون حلوة يوم عرسي مش اكون متل القردة,0
القدوة الحسنة خير من النصيحة,1
ربنا يحميك,1
نعم مصر عايزه راجل مش واحد وسخ بيقرف,0
اتقوا الله فينا بكفي رفع اسعار و الرواتب بالحضيض,0
اكيد حياتي ما في حدا بشبهك لو في كان نتحرت زمان,0
اغرورقت عيناي بالدموع,0
الحمد لله على نعمة الإسلام,1
الزمن الجميل,1
يجب على الحكومة العودة بالتوقيت الى الساعة الثالثة,0
الله يلعنو,0
احبك ربي,1
الهم اجرنا من الظلم ولا تجعلنا من الظا لمين,0
بطلت كتير وكل ما ابطل والتزم مع ربنا برجع تاني وكل اما ارجع ارجع اكتر من الاول,1
ولا بقلو بيضه,0
عاهات,0
وقعنا ولا ما وقعنا يللي بدهم يعملوه بيعملوه,0
فعلا الله يبعدنا عن الكذب,1
عندك حق أنت أمل جميل و مشرق,1
فعلا برنامج ساقط واللي بيتابعه أسقط منه,0
اعلن الانسحاب يا حمار,0
ما فيها شك,1
أخرج أهل سوريا من الضيق إلى الفرج,1
عيش زي ما بدك و ما ترد على حدا ابدا,1
هبله,0
الحمد لله الحمد لله الحمد لله لن يسعنا الكون حمدا و شكرا ففضلك ربي اعظم و انت ربنا الاكرم,1
كلو حكي فاضي,0
يا اخي وين ما تروح بالاردن تخطى مناطق الشخصيات المهمة بالبلد و الباقي كله مكرهة صحية,0
حيوان,0
تماما اللهم لا تحرمنا الصدق في الكلام,1
كافر ملعون جهنم باذن اللة,0
الحمد لله الذي نصرنا نصرا مؤزرا,1
اهبل ولك,0
امتنا ما في زيها,1
طبعا محدش يقدر بس سبحان الله فيه ناس عايشين من غير مياه,1
أهلا وسهلا بحضرتك,1
شباب صايع مو ملاقي ياكل و مخه فاضي و متخلف عقليا,0
قلة ادب,0
صدقت و الله يا شيخ,1
والشرهه على الاغبياء اللي معطينك لايك,0
العبرة بالختام,1
وبعدين ترا مالقت دعم على قولة الكبارية ورقة خسرانه,0
اللهم انك عفو تحب العفو فاعف عنا,1
اللهم زيد المسلمين وبارك فيهم,1
علي الطﻻق الي في رجلك يا حجه بتسوى كل سﻻح العرب لمعفن,0
الله ينتقم منهم اجمعين اللي في بالي,0
وهابي تاج راسك يا اللي تاكل من وراك و اذا في الوهابية شئ مخالف لكتاب الله و سنة نبيه اذكره و لا تكون كالببغاء تردد خلف الناعقين لتثبت انك على الصراط و انت في هوة الخراب و طنت من طنوت سوريا,0
صبحك الله بالخير,1
رب كريم,1
جميله اوى اوى اوى يارب الكل يحس معنى الكلام ده,1
كلام رائع وفي وقته وربنا قادر علي كل شئ,1
ربنا اجعلنا من الصالحين و اهدنا الي الريق المستقيم,1
إحتمال ما يشارك الليو االبايخ,0
انت ما شفت النسخة الاوروبية والامريكية والماليزية من نفس البرنامج فيها بلاوي اكثر من كذا بس حنا العرب فينا عقدة النقص والتخلف,0
يخرب الدلع,0
عجبتنى الحلقه,1
يلي مكتوب على الجبين بتشوفوا العين يعني اذا ناوين على النووي ما راح يفيد المليون توقيع مو الف توقيع مع الاحترام الشديد,0
عاهات,0
يارب ساعدني وقويني وساعدني أخد حبيبي,1
الثالث لاتعليق,0
صدقت يا أستاذ عمر,1
و الله و الله عباره عن أعاده تدوير للمخلفات النوويه و الأردن منها بس الأرض و الجمهور بتراب الفلوس ارحمو هل البلد هلكتوها صرنا علا لسان الكل انا إحنا حراميه و بس كلشي انباع بالبلد الواحد خايفه بكره يبعيوه كمان ارحمونا الله لا يسامحكم,0
ربنا لتزغ قلوبنا بعد إذ هديتنا,1
واحد هامل,0
احسنت كلام دقيق جد,1
كثر الله من أمثالك و زادك الله علم,1
عاهاتك يا وطنعاهاتك يا وطن,0
و إذا فادنا بشي رح يكون في خسارة كبيرة بالاخر,0
انتم يا قطريه شن عارفكم السياسه انتم لاعندكم جيش ولا استراتجيه ثابته انتم عملاء امريكا يا خونه,0
يا اخوان احنا قرفنا,0
كلمات رائعه و حلوه و لا احلى ان يكونو في النهايه رائعون,1
اللهم اجعل سريرتي خير من على نيتي و اجعل على نيتي صالحة,1
خليه يرفع لكن اللي عنده وطنيه و انتماء يصف سيارته بالشارع و يروح على الشغل مشي,0
مطلوب نصيحه منك لكي نستحضر الخشوع,1
سخيف مره يمسخرون الواحد ومافي شي يضحك اصلا,0
لما اجد فيها الا الجراح,0
عاهاتك يا وطن,0
لآ مش فاهماك,0
حسبي الله عليكم الله بحاسبكم على كل حد بينفتن بسلبكم الله لا يسامحكم,0
من اين لنا المياه لتبريد المفاعل النووي فهو يحتاج الى نصف مليون مترا مكعبا من المياه لتبريده سنويا على الاقل والقاصي والداني يعرف اننا في بلد يعاني من شحة المياه اما كعلوم ومعرفة بالعلوم النووية والطاقة فانا احب ان يتعلمها المتعلمين في بلادنا بدءا من جدول مندلييف للعناصر مرورا ب العناصر المشعة ونظرية اينشتاين للطاقة ونظريات الفيزياء الكمية والبحث في عمر البروتون والنيوترينو والكواركات واللبتونات والuncertainty principle والنظائر المشعة وتفتيت الذرة واشعة جاما وبيتا والفا والراديوم والبلوتونيوم والبروتونات وكافة النظريات بما فيها انواع المفاعلات النووية وتجارب الامم فيها مثل اليابان والمانيا وروسيا وفرنسا وامريكا وللعلم فقط انها علوم نظريا سهلة وبسيطة ويستطيع فهمها حتى الانسان ذو الخلفية والرغبة العلمية وعلى جميع او على الاقل جزء من علمائنا ان يقرروا المسار الذي يجب ان نسلكه ونسير فيه بهذا الخصوص بموازنة المخاطر والمكاسب وبعدها وعلى اساس النتيجة والفائدة الواضحة يتم الاعتماد لقرارهم ان كان سلبا ام ايجابا,0
اخذت القرار لكن برجع تانى وخايفه اموت وانا بغضب ربنا سبحانه وتعالى مع انى انا حسه انى قلبى مليان وعامر بنور الله اعمل ايه اجوك انصحنى,1
هه ما بقدروا,0
قرفت انتحر عن الدرج,0
نهايه مواطن طفران,0
اللهم اكثر من امثالك يا دكتور عمرو و الله نفسنا تشرفنا فى مسجد الصديق بشرتون هليوبوليس,1
انا بحبك في لله,1
دعواتك لنا يا شيخ سلمان بالتوفيق و الفلاح و الظفر و حسن الخاتمة,1
والله انو نذل,0
ربنا يوفق الجميع علي الخشوع,1
ربنا يكفينا هذا الشر,1
اللهم كما حسنت خلقنا حسن أخلاقنا,1
ربنايحفظك ياشيخ,1
مهزلة ياعيب الشووم,0
الدين أخلاق,1
صباح الورد الجوري الحمر والخمري,1
تحطم ماتبقى من اطيافي,0
احلى شىء النهاية الباقية صح كلامك,1
يارب اجعلنى من الصالحين,1
و الله انو مكب نفايات نوويه و أنا اشتغلت بالمفاعل و موقعه بعلان بالسلط,0
هاي نتيجة انه ينحط انسان في موقع مسؤوليه,0
بعدين الاردن تسبح على بحر من النفط و الصخر الزيتي اشتغلو فيه بالاول بيكفينا سنه,0
كأنهم خرفان العيد عند المسلخ,0
ارجوك يا استاذنا الفاضل ادعيلي بالنجاح في مسابقة المجستير العام القادم والشفاء بارك الله فيك,1
شكلك احول موب حوله,0
و نجدد قلبنا بالإيمان مع بعض,1
مع مين بتحكي بتول انشالله مع حالك,0
ما انتو ادرى انو الموضوع مش لصالح الصحه العامه بعدين مش كل اشي بتعملو امريكا لازم نعملو و نصير امعه اصلا احنا دول امعه شو بتحكي امريكا ولا الضالين امين نفسي امريكا تقلدنا باشي واحد,0
النية دايما بتكون موجودة وربنا المعين,1
والله شوي وتجيني جلطه لما ماطلعت الاولى ذيك المره,0
سامجين بس يمسخرون المشتركين وقاحه,0
يا ريتك ما كبرت,0
ما حد بيتحكم فيي,0
بسعد ربك وصباحك عسل انت وكل من قال انا اردني وبحب القياده الهاشميه وتراب الاردن وسنح الاخوان ولاد كلب على هالصبح,0
ليت كل ايام السنة رمضان,1
الله الله على اخلاق الصحابه اصحاب رسول الله,1
للهم اعنا على ادراك هذا المعنى العظيم يا رب,1
اللهم أرضنا و أرضى علينا,1
إبدااع يا أبو يوسف و الله حرام يطلع من البرنامج العتب على المصوتين أتوقع لك مستقبل زاهر يا بطل صوت جميل جدا اللي يقول إنه إنظلم يعطيني لايك,0
الجيل الي هيحرر فلسطين شوفه في سوريا يقاتل العلويين الكلاب لكن ربي يعلمهم فنون القتال ويربيهم،،,0
يارب كون معاي وإنو من ترك شيئآ لله عوضه الله خيرآ منها في الدنيا قبل الآخره جربو وحتشوفوا بعينكم إللي حيحصل,1
اضحك تضحكلك الدني,1
يا جماعه دعواتكم لاهل سوريا فهم في اشد الحاجه لدعائنا لنرفع اكفنا لرب الكون ان يحميهم و يحمي كل امة محمد لا تنسوهم من دعائكم و المال الذي وهبكم الله فيا بني ادم يوما لك ويوما عليك و كما تدين تدان,1
و كمان بالمقارنة بالدول الأخرى في الجانب التقني فإن مفاعل Atmea الفرنسي الياباني و مفاعل AES الروسي لم يتم تجربة تشغيلهما بعد فالأول لم يبدأ العمل على تصميمه بعد ، لذا لا توجد مراجعة شاملة و عميقة لسلامة التصميم، و بغض النظر عن الأردن فلا توجد أي آفاق تجارية لهذا النموذج حتى اللحظة أما عن تصميم AES فتم في الهند و ذكرت تقارير أنه جاهز للعمل في نهاية ، و لم يتم تشغيله لحد الآن,0
عنجد بخزي,0
الله يكتر من امثالك يارب,1
بكتب ع اوراق الشجر يقول موهبتي وانا صغير الله يسامح اللي كاذب عليه,0
ما عندهم هو قلة احترام للمشتركين وفلة ادب تجاه المشاهدين,0
يا مسهــل يا رب,1
ما شاء الله جميله جدا,1
مبرد وجوهكم,0
انت واحد عنجد قليل ادب الله يموت الي امثالك,0
لا هديله بالجزمة طبعا,0
اللهم كن مع اخواننا في سوريا,1
يا الله إنك تلطف بينا يا كريم أغلب محطات الوقود اليوم رفضت التعبئة هي و مراكز توزيع الغاز الله و أكبر على المحتكر الله أكبر عليه نحتسبه عند رب العباد,0
نعم رجل بهمة يحيي الله به أمة,1
هاض بعرفو بس مقرف,0
سبحان الله قادر على كل شىء,1
ضع امنياتكم في سجده انساها وتاكد ان الله لن ينساها ابدا,1
اصلي يروح الهم ينشرح صدري ب الصلاة,1
الثاني رايح فيها,0
وش هالتحف والله مساكين ماكلين مقلب بقوه,0
مش من بني ادم انتي من جنس الحيوانات,0
الأسلام نعمة كبيرة من عند ربنا لا تقدر بكنوز الدنيا كلها,1
يعني لو عايزين يبعوه بلغوني من القرف هاض يع يع يع,0
اللهم اهدنا لكل عمل يقربنا اللى حبك,1
أسوء شيء ان تكذب لأنك ستبدأ سلسلة لا نهاية لها من الأكاذيب و في النهاية ستكشف,1
ليش هيك معجبين على الاردني,0
سلمتك بيد لله فظيع,0
اكرمك الله يا استاذي الفاضل,1
اذا دم البشر أحمر,1
الابتسامه كلمه طيبه بغير حروف,1
والله انك فشلت العرب,0
يا سلام على الوفاء اللي اتفقد في عصرنا ويا حسرتاه على الحب الذي بات مجرد كلمات,1
فضحتونا من وين نحنا بال عنا برامج هيك تافها ومخمجي,0
والله انا نفسي بزعل اذا رجعت لانه مش احنا اللي بنستحقها,0
و جنة النعيم من الرحمن,1
سعودي متهور,0
نعم فى البدايه كلهم اروع من الروعة,1
الاسلام هو حسن الخلق ألا تعرف بأن الحبيب صلى الله عليه و سلم لقب أمينا قبل نزول الوحي,1
عجبتني,1
يا رب اعني ع إتخاذ القرار,1
لبنان وزبالتوا,0
هي عندها صوت قوي بس للأسف الحين مثل غيرها,0
والله انك ما زلية يا شيخ اكيد مدفوعله من تحت ل تحت,0
و الله مش عارفة شو بدنا نسوي نشحد مثلا,0
منكو لله احنا لاقيين حق الخبز لحتى ترفعو البنزين صار الواحد يحب يخلص دراسه عشان ما يضل بلاردن لانو ما فيها اشي لا رواتب و لا اشي جد بلد مش فقير بس كلو بوكل كلو و الله ما بنلوم الحراميه ع هيك بلد,0
اكدب عليك انت منو اللي كاذب عليك,0
لازم يحكم عليهم بالسجن,0
ان الله هو الرزاق دو القوة المتين,1
اللهم اعنى على ترك المعاصى حبا فى نور وجهك,1
يارب توب علينا وساعدنا نتوب وبصرنا بعيوبنا لان ساعات كتير بننسه,1
لا مو حلو,0
العجوز هذا والرجال إلي بجنبه بله وأغبياء وأنهم يثبطون الواحد,0
اللهم انزع من قلوبنا مالا يرضيك,1
التشائم يقتل الحياة,1
إن الدين عند الله الإسلام هذا هو الدين الذي يجب أن يعتنقه كل إنسان علي وجه الأرض وليس العرب فقط اللهم أهدي غير المسلمين إلي دين الإسلام,1
لإنه النووي ضرره علينا اكتر بكتير من فوائده,0
فظيعين,0
الدين المعاملة,1
سخافات وتخلف شباب وصبايا هل الأيام,0
من الي ضاحك عليهم انو اصواتهم حلوة,0
يلعن ابو الاشكال بس,0
صباح الفل,1
ناس تبي تتمصخر ماتدري شلون,0
قمة التخلف والانحطاط,0
المرة الجاية راح يكون الرفع للميه اذا استمر الخلط,0
رئيس مو عارف يحكي حرف الاس روح تخيب ولك يلعنها انيسه على هيك جحش خلفتو,0
أللهم ثبت قلوبنا على الإيمان,1
سبحان الله غصبن على الي مايرضى ودهم يروحون النار حتى بالحرام موفالحين,0
حرام عليك كانو بقرة بتولد,0
برنامج معوق ومشاركين معوقين,0
يارب اجمع امتك علي دينك يارب وشت اعداء الدين,1
عفكره البيج هاد قرفني وقلب معدتي شو للاسف انتا انو عرفك انه هيك الوضع بتفتح بالفنجان يا ناس خفوا علينا الدين مش للايكات وكمنتات,0
الله على الظالمين,0
تليفيزيون المستقبل صار سيء للغاية ما أدري ليش,0
الله يفتح عليك,1
اللهم لا تدع لى ذنبا الا غفرتة اللهم اصلح لى دينى,1
كلماتك عذبة,1
اي و الله صحيح أهم شي الانسان كرامته,1
الحمد لله على نعمة الإسلام,1
الله يلعنكم يا اولاد الحرام الفن له اهله وناسه لا يحتاج لا مسابقة ولا زبي تفو,0
املأ رئتيك بعبق السماء مع ولادة صباح جديد تهتز له الحياة و تحتفل أيقظ عقلك بالنور و ابعث همتك حية متوثبة ، لتطوي نهارك في فرح,1
احلى زبالة بوجهك,0
ينور عليك ويكثر من امثالك,1
يا خسارة عليكو يا شباب المستقبل,0
دربي زدني ثقتا بك فانه لايخيب من وثق بك,1
التفائل حلو في الحياة بس الاهم تكون عايش مع ناس متفائلين مش تكون لحالك المتفائل,1
اصدقاء اوفياء ونتعلم منهم,1
قرف شوهاد شي بخزي عنجد,0
لا للناووي,0
مااكرمك يا ربي يا كريم,1
لا مو حقودين ولا شي بس الحق يقال ان الكوميديا مو حلوة على الشاميين,0
حركة ارحمينا الله يشيلك اقول كيف اخوكي وابوكي راضيين عنك اف عندك ايزي,0
شو عادي يزم انتا ما عندك دم ونخوه يزم انتا مش بني ادم ترى ورح طير,0
إذا غلبك أمر وعجزت عن التعامل معه فكرر يا حي يا قيوم برحمتك استغيث,1
اللهم ارزقنا الاخلاص في القول و العمل و في السر و العلن و في الرخاء و الشده و في العافيه و المرض و عند الابتلاء,1
الله يهدي النفوس,1
يخسو الشيعه الخنزير,0
يعني يجبون كم واحد يعطونهم فلوس ويجون يستهبلوا عندهم عشان يحركون البرنامج,0
يارب اوقف جنبي وقدرني,1
يسعد صباحك بذكر الرحمان,1
الرابع سكران,0
تنظرون لا الشام يقتلون بدم بارد,0
وادم علينا يارب نعمة الامن والامان وسائر بلاد المسلمين,0
ابتسم و هدي اعصابك,1
اللهم اغننا بحلالك عن حرامك و اغننا بفضلك عمن سواك,1
أنا ضد النووي و الأﺟﺪﻯ ﺑﺪﻭﻟﻪ كالأردن البحث عن مصادر للطاقه النظيفه و خصوصا إننا نفتقر للماء و الأجدى بنا أيضا أن نبحث عن سبل لحل مشكلة المياه بالمبالغ التي ستصرف على المفاعلات النوويه,0
ياخي برنامج السامج,0
أنوا ا ا ا ا ا ا اع الشماته هالكلبا,0
يارب ارزق العزيمة لاتخاذ القرار ويا رب اخلفنا خيرا منه,1
اقولها لكل احبابي,1
و رزقك خير هذا اليوم,1
مااجمل الوفاء,1
احسن أظن بالله وتوكل عليه وحده,1
صباح الفل و الورد يا شيخ سلمان عطر الله صباحك بذكره و شكره و حسن عبادته,1
اللهم ارزقنا رزقا حلالا,1
لك كلك ذوق و حكمه,1
متى يجي عام عشان ادخل رجلي مع الشاشه واحطها بفمك,0
لا تحزن الدنيا ما فيها اشي تحزن عليه,1
فاشله,0
ما اروع برنامج الطريق الى الله,1
الله يكثر الافراح,1
والله على بالي مجنون,0
الله يفضح امكم فضحتونا شو هالسخافه,0
مش عارف لية بيتحوله و هما الى دواره عليك وكان نفسهم تكون معاهم فى الأول,1
يا عالم النواوي خطير بحرق الاخضر و اليابس غلطة واحده كارثه,0
واجعلنا من سكانها,1
وهاي المضروبه جايخه على وين,0
أفعال لا تحتاج إلى أقوال,1
رح مت,0
يلعن روحك,0
من وين انجيب حرام عليكم,0
قرف,0
ازعج شي الكذب,1
الشعب الذي اختار نواب خرجين سجون و سوابق بستاهل اكثر من هيك مشان دينار الله لا يرد هيك شعب,0
هه هدول مجانين اكيد ما بوافق مش هبلة انا,0
الشب السوري مظلوم,0
و بحب الناس الرايقه الي بتضحك على طول,1
الظن,1
صحيح انك سافل,0
برنامج قديم,0
نسمات انتعاش الفجر رحمات يظفر بها اهل النور التام الذين توسعت صدورهم بانشراح جماعة الفجر و حيوية صبح يتنفس منتشيا و مرحبا بكل مبادر للخير,1
و إلى أسماء الاسد كــس أخــت زوجــك,0
يا حلالي ويا مالي ايوش هييك لازم من زمان,1
صباحك خير يا دكتور سلمان,1
لا تحزن ان الله معك,1
كن انت التغير الذي تريد ان تراه,1
قصة فى منتهى الروعة,1
يميي شو هالاكلات الزاكبة هاي شهتونا,1
مياعة وسئالة من عدولة والي معو,0
وش جابني هنا ثقيلين دم,0
زماان المطربيين اللى غنو لهم المعاتيه دول ولعو فى مقابرهم وبيعيطو بدل الدموع دم على تراثهم اللى راح,0
الله اكبر ولله الحمد,1
اللهم أغفر لى و لأمة المسلمين أجمعين,1
المفاعل النووي سيحتاج لشريك استراتيجي يمتلكه او جزء كبير منه و ستدفع الحكومة الأردنية ثمن الكهرباء لهذا المستثمر لذلك يوجد احتمال كبير ان ترتفع هذه الفاتورة,0
موضوع اكتر من رآئع,1
يلعن ابو التفاهه,0
ما أجمل من مثل هذا الحب الصادق الشفا,0
هذول مساجين ولا ايش,0
فعلا ده صحىح مثلا زى سماع الاغانى التى تلهى عن زكر الله لو تركتها لله ىملا الله قلبك بحبه ولاتشغل بالك الا بذكره,1
دعاء جميل ماشاء الله,1
هذا سلامي يسبق البرق و الطير فيه الحروف معطرة بالتحية,1
اتصور لو ظليت ما اتعلق احسن لانه تعليقاتك مقرفة,0
اللجنه ما تنطاق,0
اللهم ارزقني كما ترزق البغاث,1
صبحكم الله يأهل الطيب بالخير و يسعد ضحاكم و الظهر و العشية,1
فإجعل اللهم عوضي فيه,1
ما أجمل ديننا الاسلامي,1
منك لله و بس,0
اللهم أعنا على تقواك,1
مين اللي ضآإحك عليهم وقآإيل إن أصوآإتهم حلوة,0
نعم,1
يالله ما اروع هائولاء الناس,1
احيانا الوحده تزيل بعضا من ألهموم,1
اللهم ارزقنا الاخلاص,1
اهل العقول براحة ام نسيانك يابو نسيان صعب والله صعب,0
يا غبي كوادر الإخوان المسلمين في كل يقعة من هالأرض وهمه من الشعب كيف بدهم يضربوا أرضهم إصحى,0
الله يا ريت كنا في ذاك الزمن,1
زهايمر وخرف وحبتين كبتاجون ويفل على الشعب xD,0
تأثير الغرب مبين على العرب المجانين,0
هم اللي مصخرو انفسهم,0
والله ذا الادمي معاق,0
و نرجو لك دوام الخير و المحبة من الله و من الناس,1
عمرتنا كانت مميزة جدا ورائعة,1
نهارك طيب و مبروك,1
حرف الراء مصيبة ي ريس,0
يعني ما أختار الا الاغنيــه اللي أغلب أحرفها الحرف اللي يقرط فيه,0
كلب وحقير,0
احنا ما بدنا اياه لانا ما منفهم المفاعل النووي فوق طاقتنا صعب علينا و بكرة بذكركم و سألوا الباص السريع الثقة معدومة القمح فاسد المصفاه مش حسب المواصفات الخضار و الفواكه مواد كيماوية شوارع مش مصانة حفر و مطبات الخ الافضل استغلال الطاقة الشمسية او الريح او الماء ليس هروب من التطور و انما الابتعاد عن الفشل الأكيد عبر التجارب,0
كله على راس المواطن ما يثير السخرية رفع اسعار المستقات النفطية المستخدمة في الصناعة تقول صناعتنا مكسرة الدنيا,0
يا رب بناتنا و شبابنا كلهم يستطيعوا العمل بهذه النصيحة يا ريتا كلنا نتذكر أننا كلنا دعاه للإسلام بأخلاقيتنا و الصفات الحسنة,1
سلامي عليك,1
وانا بس شكلها هاي مو مدرسة,0
الهم اجعلنا اخوة في الله واحشرنا مع الصديقين والشهداء والصالحين,1
ربنا يشفيهم,1
والله لو طلبوا مين اللي عندو قلب قوي متر للجري مايتقدم ولا حمار عربي,0
اخييه مااسخفها تقللد,0
يع يع يع قرف,0
والشكرلله والفضل لله على هذه النعمه التي انعم الله علينا بها وجعلنا من الماء كل شي حي,1
اني احبك في الله,1
يا طيبة بالروح افتدينا,1
هذا اللى فالحين فيه العرب ، فقط الهبل و التخلف,0
العرب مو بتاع هي الشغلات لاكن احنا فاشلين الله معطينا كل متطلبات التحظر والتطور لاكن احنا لازقين بهلتفاهات ونضن انو هي التحظر,0
الله يكون في عون الفقير و الطبقه المتوسط سوف تنحدر اكثر و اكثر,0
كن كما أنت و لا تتغير من أجل أحد,1
جنييه,0
اشهد الله اني احبك فى الله و ادعوا ان نحشر مع حبيبنا و امامنا محمد صلى الله عليه و سلم فى الجنة امين,1
حالات مرضية نفسية مستعصية لا يستطيع شفائها لا العلم و لا الفن,0
لهالدرجه في متخلفين في الوطن العربي؟؟,0
بس اللي قاهرني اللي ما ينطقون حرف الراء التغ من جدهم جايين يبون يغنون,0
شو هل الاهبل,0
فعلا الطاقة الشمسية هي البديل وليست النووية لان حتى الدول المتقدمة صارت تتخلص من النووي وتتجة للطاقة البديلة وخصوصا احنا الاردن بلد مشمس عالطول السنة والكلفة ما اتوقع اكثر من الطاقة النووية,0
لان ديانا كرزون البغله الاردنيه لا تستحق ذلك,0
قرف يقرفك,0
و سيارة الحكومه من السعوديه اجن هديه يزلامه المسؤالين اكلونا,0
اللهم اجعلنا منهم وارزقنا الطاقه ولاراده لزللك ياربى,1
هذا تشهير ملعون والدين المفروض ما يعرضونه,0
واضح جدا إن أغلب الناس هاي عندها مشاكل نفسيه,0
يارب أخرجنا من ذل المعصيه إلي عز الطاعه,1
روح اكتب اشي زي العالم و الناس بدل ما انت بتتهبل هيك و بتتمسخر يا مسخرة,0
طول عمري بخااف من العوب العب,0
متفقين معهم و البرنامج خايس,0
ما ازنخ منك إلى هاي الروابط اللي بتسم البدن بتتعب يعني لما توخد الصورة وتنزلها تنزيل عادي,0
فعلا في البداية كلهم رائعون,1
وش التخلف هذا,0
ربنا يعنا علي كل شيء,1
الله وكيلك مشحطط اهل دابوق و دير غبار و عبدون و منعم على الفقراء,0
ذبحتونا,0
ما انا شطبت,0
سوبر طقاع اول واحد جايته زبيريه,0
حبيبي شرلبوني يموت ب شرلبونا و انا مدريدي لكن ماني مغير لعيونه,0
صباحك جمال و روعه,1
نعم الصديق الوفى,1
صباح العفو و التسامح صباح الخير لوجه الخير,1
يلعن شرفك شو واثقة من حالك,0
لا هديله بالشوز زى الصعيدى الى يكرمه الى ضربه بالشبشب ناقصة حرامية,0
وجعلنا من الماء كل شيء حي,1
اشداء على الكفار رحماء بينهم,1
الله حيهم ما اكبرهم هالسباب,1
زنخة زيك,0
جزاك الله خيرا,1
والله خبل,0
اللهم اروقنى من يواسينى فى الدنيا والاخر,1
اللهم ارزقنا وإياك الجنه,1
ايه راحه فيها المسكين ياحرام,0
الله ما يحرمنا من كلماتك الحلوة يا شيخنا,1
إنه غير مسلم ويعرف قلبه الوفاء فكيف حال المسلمين اللهم أرزق بنات المسلمين زوجا طيبا محبا مثله,1
نفسي اروح عمرة واشوف الكعبة,1
بالله عليك فين الاناقه في الناس اللي بتغني دي,0
كتيير رخيص ومقرف,0
المفاعل النووي سيحتاج لشريك استراتيجي يمتلكه او جزء كبير منه وستدفع الحكومة الأردنية ثمن الكهرباء لهذا المستثمر لذلك يوجد احتمال كبير ان ترتفع هذه الفاتورة,0
الله يسامحك حبيبتي افهمتيني غلط,0
سمآإجةة تآإيمم,0
الله يوخذكم,0
ونعم بالله عزوجل,1
أخ يا بطني عورني من الضحكك,0
شعوب تافهه همها الحياة الدنيا فكروا في نهايتكم,0
بس الحكام ماعندهم ذوق للأسف,0
اسال الله في علاه ان يحفظكم بما يحفظ به عباده الصالحون,1
الطبقة الوسطى في طريقها الى الانقراض على يد عبدالله نسور,0
ذا مرتك بتعمل هيك يا ادمن لا تفكر كل الرجال مثلك تفي عليك,0
عاهات,0
اللهم ارزقنا كما ترزق البغاث تسلميلي هنوده حلوه كثير الله يفتح عليكي و يهدينا و اياكي,1
الله يتمم افراح الجميع يا رب,1
صباحات الانوار,1
أنما بعثت لأتم مكارم الأخلاق,1
الباقيين سخاافه سمااجه,0
الحب الان بقى تيك اواى قليل اوى لما نلقى انسان مخلص فى حبه مع ان الحب ده اجمل واسما عاطفة فى الوجود,1
مساكين ها البشر,0
عمدا فيهم ما نستعمل التدفئة و نلبس فروه,0
رعاش ضغط وفي مثل هاته الحالات ممكن حتى يغمى عليها,0
وانت اسكت لا تتحطم,0
قمة التخلف البشري الله يشفيهم,0
ما هيك بيقولوا للأسف ما عجبت حدا انت جاهل يا هذا ليس هكذا تدعو الناس لقول لا اله الا الله محمد رسول الله انت غبي يا صاحبل هذا البوست و لا تفقه شيئا من العلم و الدين انت هيك تبين انك في قمة الجهل و العار قل كلاما جيدا محببا و لا تتلفظ بالكلام السيئ انما تعجبنا كلنا لو قلت انطقوا بالشهادتين يا أولي الالباب,0
لعنكم الله جهنم وبئس المصير ايها العازفوون,0
صح يا اخي صدقت الله يعين الجميع,1
يجب على المسلم ان يواسى اخوه فى الاسلام,1
تقول داخله فيها ترله انحولت مع الاغنيه,0
بخزي,0
شو هيدا دلع اخر زمن,0
هذا هو الحب الاصيل الوفي بكل معنى الوفاء,1
اللهم باركي فيه واهدي كل مسلم لطريق النور,1
هو رحيم بكل شىء في الكون هو الخالق فلابد ان يرزق مخلوقاته,1
المشاركين بينو للناس انه اللى قايمين على البرنامج حمير,0
ما احلى الوجود بقرب الله,1
دلوعه جدا مايا,0
اللهم أعنا على ذكرك وشكرك وحسن عباتك,1
صباحكـ نقاء يشبه سريرتك,1
ممكن يكون احسن بالاخلاص,1
منيك ولك,0
أحب الله تعالى و رسوله الكريم,1
عنجد هذا الانسان تافه وحقير,0
بسمه امل امس كانت محتاجه توضيح اكتر لان بعض الناس خلطت بينها و بين الواسطه,1
اي والله,1
لجنة فاشله تتمسخر على المتقدمين,0
مابتحكي معه هيك انزلع لاعاد اشووفك جلطتني,0
الامل بالله كبيير انشالله,1
المفاعل النووي سيحتاج لشريك استراتيجي يمتلكه او جزء كبير منه و ستدفع الحكومة الأردنية ثمن الكهرباء لهذا المستثمر لذلك يوجد احتمال كبير ان ترتفع هذه الفاتورة,0
صبأحكم امل مشرق و عطا متجدد كمأ شروق الشمس,1
برنامج فاشل جدا,0
نعم,1
حلو صديق عمري,1
صباح القشطة,1
يارب اهدينا للصواب,1
دلع,0
اللهم اكفني بحلالك عن حرامك واغنني بفضلك عمن سواك يا رب,1
قصة رائعه ياريت كل الرجال هيك,1
اعملوا لآخرتكم,1
يا غبي كوادر الإخوان المسلمين في كل يقعة من هالأرض وهمه من الشعب كيف بدهم يضربوا أرضهم إصحى,0
صح جدا,1
يا ربي شو هالولد و الله مجنون مبيستحييش متاكدين انو مغربي,0
أنا لو مكان راغب أروح أنتحرر,0
لا يأس مع الحياه,1
أوروبا كلها تريد التخلص من النووي و تحاول استثمار الطاقه الشمسية و ما عندهم شمس قد ربعنا و احنا بدنا نأخذ الي راحت موضته وولى زمانه من كثر إخلاص القائمين على مصلحة الوطن يا حسره,0
ربك دايما جنبك لو ناديتوا ها تلاقه,1
يا جاهلين يلي بحكي عن الطاقه النووي وجودو كفيل بوفاة شخص وولادة طفل مشوه ولو انو اشي منيح كان مابزتوه بالصحرا وجودو بعيد بقلل مخاطر بس ما بمنعها ويلي بحكي انو احنا امه جاهله مابدها تطور بكون هوه الجاهل وعدو نفسو وعدو الانسانية وبلا ننوي وبلا زفت قال نتطور قال لو بدنا نتطور طورنا حالنا من زمان مش على دور الننووي شعب جاهل,0
ويوجد البديل الطاقة المتجددة,0
للهم خذهم اخد عزيز مقتدر فانهم لا يرحموا الضعفاء اللهم سلط عليهم عذابك فانهم ارونا الويلات,0
لا ربنا يرحمنا برحمته,1
فالأول يصحح مساري و الثاني يزيد من أصراري,1
طلعوا العرب اخس واخس واخس,0
آخر واحد مهستر,0
وين القناه التافة الى تعرض هذول المعاتية صحيح نحن في انحطاط,0
ربنا يبارك فيك,1
كتكوت ضعيف الجناح و الدنيا غدرت هاا,0
اللهم لا تكلنا الى انفسنا طرفة عين,1
الوان مش حلوة,0
احمدك ربى على كل ما اعطيت وعلى كل ما منعت,1
وش يحسوون فيه ناس مهبل,0
الحب بين الزوجين أوسع أبواب السعادة,1
بلا هم و بلا وجع راس خليك رايق دايما,1
كنت أخادع الحيـاة لكي أعيش كما أريد لكن الحياة خدعتني و عشت كما هي تريد,1
بارك اللة فيك و نتمنى المزيد من النصائح,1
وعجلت اليك ربي لترضى,1
حلو كلامك عزيزي,1
اللهم ارضنا بقضائك,1
الله لا يشبعكو يا ظلمة انشاء الله كلو بتلقو بالاخرة يا ظلمة خافو الله طبعا اذا بتعرفو ل الله,0
يا رب استجب دعائنا وانصر اهلنا في سوريا,1
اظن انهم حبو وانجرحوا وضاعت عقولهم وما دخل قلوبهم الا اغاني الجروح عشان كذا حافظينها وجايين يقولونها اللهم لاشماته,0
اللهم تب علينا انك التواب الرحيم,1
حرام السخرية من الناس,0
انا مش مسؤول عن الحرامية يتفنجرو بمصاري البلد و انا اشحد,0
الاء اختصري ماشي,0
قصة رائعة أفادك الله من العلم لتفيدنا دائما,1
سبحان الله و بحمده عدد خلقه و رضى نفسه و زنة عرشه و مداد كلماته,1
يالله ارحم احبتى واشفهم وعافهم واعف عنهم,1
فما اجمل هذا الدين,1
مسخرة,0
ربنا يستر واخلاق المتاسلمين لا ترجعه مرة اخرى,1
لن تموت نفس حتى تستكمل رزقها و أجلها أبذل الجهد و العرق و توكل على الله و اطمئن فرزقك مضمون,1
يارب يقدرنا على ادخال المياه النظيفة لكل بيت محتاجة المياه,1
تفه عليك وع شكلك ، أول ما نشهرت طلقت زوجها ، خنزيرة,0
حقيقة,1
شعب سخييف,0
لست الأفضل و لكن لي أسلوبي سأظل دائما اتقبل رأي الناقد و الحاسد,1
بقطعكم شو حقوديين,0
ومازال العود مصدي,0
استاذ عمرو يا ريت شوية تركيز على اخوتنا في بورما انهم يتعرضوا لحرب اباده حقيقيه,1
هذا هو المهم,1
لا عنجد زلمة شكلو بخوف,0
صراحة بخزي من دون مجاملة,0
ياريت حدا عم يواسي السوريين بغربتهن للاسف باب رزق جديد للعرب,1
الله المستعان,1
صباحك طيب كطيب المسك و العنبر,1
اللهم اعنا على انفسنا و اجعلنا نرى الدنيا صغيرة و الآخرة كبير,1
الراجل الابس ثوب عليه جاكيت شكله مسطول من جنوب السودان,0
اللي موافق عالمفاعل يبنيه جنب داره ما يسطح الواحد غير المتحذلقين اللي يخلوا حالهم مثل ابو العريف ما حد يفهم غيرهم رابع افقر دوله في العالم في المياه و تبنى مفاعل نووي استنوا لما يطورو مفاعلات نووية صحراوية و بعدين اشطحوا,0
هاكدا هو دين المحبه الصحيح بس للاسف الكثيرين يتبنوه حسب ما يشتهون,1
حماك الله من النكد,1
ما أجمل الحياة برضى الله,1
اللهم اصلحنا و طهر قلوبنا من النفاق,1
وبشر الصابرين,1
صار بدها بطارية التقوى شحن,1
اللهم اجعلنا ممن تنظر اليهم بحب و اشتياق و اجعلنا من عبادك التوابين المخلصين العابدين الحق لدينك و احفظنا و قنا نار وقودها الناس و الحجاره يا رب,1
بس تكون من سكان اربد و تكون قريب على المفاعل النووي في جامعه التكنولوجيا و بتشرب من مياه اربد التي تبعد اقل من متر في باطن الارض حوض اليرموك عن مركز المفاعل بتقدر تعترض وين بدك تصرف المياه التي تخرج من المفاعل لا تقولوا مفاعل التكنولوجيا تدريبي بس اسمه مفاعل و بتخرج منه مخلفات نوويه الدول الاوروبيه بدات الاستغناء عن المفاعلات النوويه عندك مياه بالاردن من اجل تشغيل المفاعل قبل الحكم على الاشخاص الذين يقومون ضد هذا المشروع اسالوا الجولوجيين و اثرها على المياه الجوفية بتحداك اذا بتسال خالد طوقان عن الاثار الجانبيه من الفاعل النووي و جاوبكوا كلامي هذا من دكاترة جامعات مختصين في الجولوجيا و اثره على المياه الجوفيه,0
يارب دعوناك فستجب لنا وحقق لنا ماهو اصلح وافضل لنا,1
مارح يتغير شي بعد سنه رح نلاقي بالجرايد خالد النووي يطالب ابراهيم النووي بتأجيل مشروع المفاعل النووي لان في مشاريع اهم زي مياه سفيان الديسي وخط ابو يوسف للباص السريع عادي,0
افتح قلبك للعالم,1
في ايه يا ولاد الوثخة؟,0
بقرف زيك,0
نعم والحمد لله,1
بني البرنامج النووي الأردني على عدة تصورات خاطئة بشكل خطير تتعلق بالتكنولوجيا الاقتصاد الترتيبات التجارية ملاءمة منظومة الكهرباء الأردنية و فقر المياه و موقع الأردن الجغرافي و ظروفه السياسية و حجم شبكة الكهرباء فيها كلها عوامل تقود إلى مشاكل إضافية خطيرة,0
ملعوب عليهم,0
ياسلام حلوشديد,1
إلى إعتصام مفتوح ميدان تحرير للتخلص من قوى الفساد و الإفساد,0
نفسي افهم من وين جاي يا ابن الكلب,0
كنا نقول البلد حاميها حراميها و ماذا سنقول الأن مفتيها حراميها و الله الواحد تحير في هذه الامة التي اصبح الحليم فيها حيران,0
مجانين العرب,0
الى يقارن بينه وبين مرسى يبقى متخلف,0
فعلا,1
ومن خسئ الشيعة اخوان القردة و الخنازير,0
حكي فاضي,0
اللهم لا تحرم احد من هذه النعمة,1
واثق من نفسه الحبيب,0
هلأ كففت عن قسوتك,0
الله على دينا العظيم,1
اللهم اجعلنا دائما مسلمين صادقين في افكارنا و في اعمالنا,1
ﻣﻴﻴﻦ ﺑﻀﻞ ﻳﺸﻴﻞ ﺍﻟﺸﺒﺸﺐ ﻣﻦ ﺟﻤﺒﻲ,0
أن الله لا يتخل عن عباده أبدا,1
انا مش عارفة كيف ابدا حياتي,1
ياي ما ازكاه هاد الاكل,1
يا الله استجب دعائي ياالله مادكيت بابك يوم ورحعتني خالية الوفاض,1
اللهم أرزقنا فعل الخيرات وترك المنكرات,1
سنبقى نذكر دولة الشهيد وصفي التل الذي كان رئيسا للوزراء و حبيبآ للفقراء,0
الشكر لله اولا ثم ل د عمر خالد كان سبب ف أرتد الحجاب,1
صباحك ورد و ياسمين معطرين بنسمات من الجنة يا شيخنا الجليل حفظك الله من كل سوء ، نحبك في الله,1
متخافش يامؤمن قول يارب وحب ربك دة هو اللى خلق النعمة اللى انت متعلق بيها يعنى هو اعظم من النعمة دى وانت عارف كدة,1
ما اجمل الكلام والاروع ان نطبقه,1
صباح الزنبق والفل والياسمين,1
اللهم ثبتنا على قيام الليل في رمضان,1
انا لاحظت بلبنانيين انهم ماعندهم روح الكوميديا نهائيا,0
دعوة المؤمن لأخيه بظهر الغيب أسرع من البرق,1
شو يعني بدك ايانا نحكي من وراكي مش حلوة,0
من يتوكل على الله فهو حسبه,1
اي صح و حاليا فاقده الاثنين,1
اهم اشي اكون مبسوط,1
اذا كان هيك الخبر انا ما بدي اعيش,0
ياارب قربني إليك وأقترب لي أكثر,1
يا عني علي ذكرك و شكرك و حسن عبادتك,1
حرام تحمل اسم عظيم زي هيك,0
يا عمي ما في احلى من الاكبل,1
حفظ الله ابناء وبنات الأمة جميع,1
للي مفكرين المفاعل راح يطورهم المفاعل راح يدمر الأردن و المنطقة اللي حولها لأن الفساد الموجود بالأردن مش موجود بدوله أخرى و هذا يعني أن الفاسدين رايحين يسمسروا و يلهفوا لما يوصلوا اشكل مفاعل للأردن و ناسين أن المفاعل يحتاج إلى بحر ماء للتبريد و نحن لانملك ماء للشرب و ناسين أن التطور يكون بمشاركة الجميع و ليس بقرار فردي و ناسين أن الذي أقر المفاعل هو المحتكر الأول هيئة الطاقة و أن شاغرها بقي معلق أثناء فترة تسلم طوقان وزارة التربية والتعليم ؟؟لدول المتقدمة بدأت تبحث عن بدائل للمفاعلات و احنا بنشتري الخربان منهم مشان التقدم و بلدنا بفضل الله لديها طاقة الرياح و طاقة الشمس لماذا لا يتم إستغلالها بدل المفاعل النووي طالما أكلنا معظمه فاسد و غير صالح بسبب الجشع و الطمع و الفساد,0
وش يحسون فيه يع,0
اكيد طبعا,1
الحمدلله على كل حال,1
بلد يديرها اغبياء و حراميه,0
من هي اصغيره اغاني والله انقلبت ادنيه,0
والله تحشيش من الاخر,0
عالم فاضيه بيسموا الغناء فن بيشغلوا الناس,0
ياحيوان ماشي ريال مدريد,0
ما الزه شكله بشهي بديي,1
صباح الاماني الجميلة المحققة باذن الله,1
يا مصلح القلوب أصلح أحوالنا,1
يا رب يتقبل منا و الله العقل مو فاضي و القلب مكسور,1
و طمأنينه صباح ٱلآمل بٱلله و ٱلثقة,1
يا رب بلغنا رمضان و أنت راضي عنا,1
حراام والله حزنت عليه شو هالموقف الشنع,0
هذول مخانيث,0
ناس عزيزة و المعزة لهم غير فيهم صفات الصالحين العلية,1
يا ريت لو يعملوا دورات قبل الزواج,1
التطبيقات قليله بالمتجر ولازال امام مايكروسوفت عمل طويل للتغلب على هذه المشكله,0
أجمل ابتسامه,1
معتيه واضح انهم يمثلون,0
عاهات اللهم لاشماته,0
اللهم قو إيماننا لنكون أصحاب عزيمة و قرار,1
مهزلة التاريخ,0
يا رب فرج,1
انا اشوفه انه عادي ولا فيه اي معنى وايش مليوني مشاهد والله انه ما يستحق الى هذا الحد من المشاهده وبعدين هاض شي مقزز,0
قصة جميلة و مهمة جدا,1
أهلا بك في دين الحق والسلام,1
و الله و الله و الله يا نسور رح ننزل الشارع وقف الموضوع قبل فوات الاوان,0
احنا شعب مش عارفين نبني شارع و نعمل له صيانة كيف موضوع مفاعل ما عنا خبرة فيه و كل البلاد المتقدمة بس بلشت تلغي هذا النوع من الطاقة رحنا لجأنا له متناسين اننا في منطقة حفرة الانهدام و عرضة للزلازل و غير اننا عرضة للنصب من خلال الجهل و الفساد المتفاقمين عنا و غير نسب السرطان المتزايدة بدون واسطة و بالاخير بقولوا عنا شعب متخلف اذا رفضنا علم صعب التطبيق عنا و الاولى انو نراجع ادارة الموارد و الاصلاح و تقويم انفسنا لحل مشاكل الطاقة وغيرها,0
ا عيني ع الصحبة بس اكيد وراها مصلحة,0
البسمه سر من اسرار الحياة,1
أأه لو لا القرآن لقلت إن أنكر الأصوات لهذه الأصوات,0
صباح مملوء بالخير لجميع المسلمين يا رب,1
حطمت كل احلامي البريئه,0
ربنا يبارك فيه و يكون قدوه للجميع المسلمين فى انحاء العالم,1
الله لا يحرم حدا من العائلة الدافية والذرية الصالحة,1
فعلا الله يجزيك كل الخير دكتور والله يثبتنا على ديننا,1
والله هبل في هبل,0
السماعات خربت,0
والله ما في اشي مزعلني الا انه اسمه محمد,0
قرف يعيع,0
سوبر حمار والله هذا السوبر حما سبب في تخلفنا,0
لا حول ولا قوة ألا بالله أذا أخذ ما أوهب أسقط ما أوجب,0
اسل الله ان يستجيب دعائكم,1
عشان هيك قال النبي صلى الله عليه وسلم إن الكذب يهدي إلى الفجور والفجور يهدي إلى النار,1
اللهم اصلح حال المسلمين,1
تفوو عليك,0
تكالبت عليه الكلاب ولم تسمح له بالبروز بعد البرنامج,0
عم الرجال,1
انتخب مين يا عم هى ناقصة لبخة فى الكلام معتش الا الاهبل ده كمان يبقى رئيس جمهورية,0
من توكل على الله يعانق قلبه النور و الصفاء,1
صوته مره منبح احسه تعبان عاد زبدولة مابقى الا يطلع بعد شوي,0
ما بتحبو حد,0
ما بكره حد قدك,0
ﺻﻠـﻲ ﻋﻠﺸـﺎﻥ ﻏﻴﺮﻙ ﻧﻔﺴـﻪ ﻳﻘـﻮﻡ ﻣﻦ ﻗﺒﺮﻩ ﻳﺼﻠـﻲ,1
فتحه و نصرة و نوره و بركته و هداه,1
سبحان الله الزلمات ثافهوون,0
الغلط مو من المشاركين الغلط من نفس البرنامج المفروض تكون فى مرحله فرز فى البدايه قبل لايطلعو الهواء,0
يا سيدي هدول عاهات ولله يعني فيك تسحب عليهم قرض من البنك كونهم عاهات,0
اللهم اجعلني دائما مظلوم,0
ياخسارة العروبة فيك,0
احلى اشي في الحياة الاستقرار مع زوج صالح,1
هل تعلم ان المطر يتشكل اولا على هيئة بلورات ثلج داخل الغيوم و يتحول الى قطرات ماء بعد ذوبانه و هو في طريقه الى اليابسة,1
ما شاء الله الله يثبتك,1
هذا صدق ولا مجنون ولا يستهبل وش القصة,0
تمام,1
تفاءل بالخير تجده,1
تغني وهي متقرفة,0
ونعم الصديق,1
استاذ غاوي غاوي اذا كنت غاوي المسخره روح اشتغل كراكوز,0
اللهم اهدنا صراطك المستقيم,1
لا شو انا مسخرة كلكوو خنازير,0
يا حقير,0
دار الزمن وصار الوسط الفني كله نفس ذي العاهات ووضحكو هما علينا,0
اروع صفحة,1
حزني كثير والله,0
سبحان الله مواقف لها معنى و قيمة و فعلا تعلم ما شاء الله,1
صباح الخير و الحرية و النصر,1
الموضوع ما اله علاقه بالتخلف بس لما تكون الاضرار اكثر من الفائده بلا منه و اﻷهم من هيك انه المفاعل بحاجه لتبريد دائم و للاسف وين المي يلي عنا؟؟,0
الشو اسمو ستار أكاديمي ولا المسخره عل العالم أكاديمي,0
الحمدلله من كل ضيق اسجد لله احس ان فى اعله مستوا وانسا واتذلل الى الله ليحمينى من فتن الدنيا واحسن منزلى فى الجنه,1
الخشوع إحساس جميل جد أمام الله القلب يحب و الدمع صافي و متعه و بعد الصلاة راحه فائقه أتمنى لكل المسلمين هذا الخشوع,1
عاهاتك ياعرب,0
بوركت جهودك و سلمت اناملك,1
لالا بس اغلبهم داريين بس يقولها استعباط ورفع ضعط خذها مني,0
والله شويه عبط الي بيغنو والحكام كمان,0
شو بدو بهالشوفه ؟؟,0
عن جد انتى ما شاء الله عليكى جزاكى الله كل خير,1
الحل الوحييد حب الله ورسوله وطاعتهم,1
كل واحد حرامي و ما بهمو مصلحة المسكين المواطن الي بشتغل ساعة ب دنانير,0
اذا الخبر صحيح انا اول شخص بطالب بالهجرة لاي دولة خليجية او اوروبية او حتى اسرائيل,0
بس أنا مش منهم ولا البنات يلي بالجروبات,0
اللهم لا تجعلنا من المنافقين,1
دخيل عينك يادكتور كلامك ذهب,1
المغرب براء منك على الأقل إذا كنت لهجتنا صعبة فتكلم باللغة العربية,0
صباح الخيرات والعبادات,1
اللهم إنى أقسمت عليك بك أن تهدى شباب المسلمين وتنور قلوبهم كما أنعمت على طارق بنعمة اﻹسﻻم,1
حياك اللة,1
كارثة بشرية,0
ما ارحمك يا ربى بخلقك سبحانك يا حبيبى يا الله,1
اجمل نابلس,1
صباح الخير و الاشراق و الامل,1
انشاء الله نكون راضين بقضاء الله و لكننا نرجو من الله اللطف فيه,1
معك حق,1
انا علي ثقه اني استطيع فعل اي شئ لان أنا من صنع الله,1
رائعة الحرف نقية المعنى,0
كل شئ في حب الله تهون وحب ربنا أقوى بكتير من أى حاجه,1
ايارب يتقبل منا,1
حلو الشخص يكون عنده هدف و يشتغل عليه لكن الدراسه شئ ضروري,1
يا رب اريد تجديد ايماني ساعدني,1
اين ذهبوا العلماء والمخترعين والمفكرين جرب في جرب,0
ليش الطلاب فاضين يعملو مشاكل فاضين للدراسه يعني ما عندهم وقت فراغ للمشاكل,0
صباح ملؤه الخيرات و المسرات,1
يا اخوان مش عارف ليش النووي و احنا عندنا النووي الطبيعي شمس و رياح نسبة سطوع الشمس بالمملكه على مدار العام يوم من يوم و عندنا بالاردن اذا خط ماء بينضرب بيقعدوا اسبوع الى اسابيع لما يصلحوه ايش بده يصير فينا بكره مع النووي بالاضافه الى انه ما عندنا ماء نشرب من وين بدنا نجيب للتبريد الله يهديهم,0
والله اني لاحس بالشفقة علابنات الجامعات,1
هو أحنا خلينآ نخلص أم هالبرجين اللي صرلهم سنة وبعدين بنفكر نعمل نووي سلمي هه من الديسي,0
من ترك شيئا لله عوضه الله نورا وايمانا في قلبه,1
حتى فى التخلف مش فالحين منيح,0
صباحكم تفائل,1
عدولة السامج هذا خرب اوم المقطع قسسم زبالة هالآدمي ودمه ززفت انا ضحكت,0
اللهم اسعد كل انسان,1
سبحان الله خالق السماوات و الأرض,1
حلوه اوى الحمله دي وربنا يارب يكرمك وكل الي بيتبرعو,1
سلمت يداك روعة,1
يا الله كلامك بلسم,1
بلا قرف,0
يارب أعيني علي دكرك وشكرك وحسن عبادتك,1
الدول المتقدمة الان تتجه لستخدام الطاقة المتجدده لانها اقل كلفة و ليس لها مخاطر على البيئة و الانسان و نحن الان نعاني من ضائقة مالية كبيرة و شحة مياه شديدة و كلنا يعلم مدى حاجة المفاعل للمياه اذكركم فقط بما حدث في اليابان و هي الدولة الاكثر تطور في مجال التكنولوجيا و هي عبارة عن جزر و كذلك كم أثر علينا المفاعل النووي الاسرائيلي و حالات السرطان المنتشرة ولو لاحظنا التشوهات الخلقية الاكثر في جنوب البلاد,0
الله يرفعهم الى جهنم جنب القذافي بأسرع وقت لان الظلم زاد عن حده,0
الله الله ياشيخ ابراهيم حكم والله يسعد مسااك يارب,0
انا بدأت و اتحرك و شاركت بفكرة ستغير الكثير من واقعن,1
صباح النور و السرور و الورد المنثور,1
يارب ثبتنا بعد اخذ القرار لان هو ده الاهم و الاصعب,1
ما بدي غير يعملو لايك للبيج,0
الحب مش ذل,1
اللهم أعنا على ذكرك و شكرك و حسن عبادتك,1
صح كلامك و أحلى حكمة و محد يبقى للنهاية رغم اتفاق الطرفين,1
حلوه اوى,1
هذا معوق جنة جورج وسوف,0
اه و النعمة,1
يا رب اسعد قلبي,1
يارب يقوينا جميعا على طاعته وحسن عبادته,1
للأسف البعض يعتقد ان المفاعل النووي سيحل مشاكلنا الاقتصادية ولكن الأردن لا يمتلك موارد مالية وهذا يعني الحاجة لشريك أجنبي كما اعلنت هيئة الطاقة يملك غالبية الأسهم كما في تركيا على سبيل المثال وذلك يعني ان هذا الشريك سيمتلك الجزء الأكبر من المفاعل ولن يكون ملك للأردن وبالتالي ستقوم الحكومة ايضا بدفع تكاليف الكهرباء للمستثمر وبالتالي المفاعل النووي لن يوفر لك الكهرباء بسعر قليل,0
اللهم اهدنى الى ما تحب و ترضى,1
هذا ليس مضحك ، بل مخزى ، يا للخزى و العار,0
اللهم انا نسالك رزقا حلال طيبا مباركا يعيننا علي طاعتك,1
تؤلمني باسم الحب,0
صباح الفل,1
مسخره,0
انته جميل جدا ربنا يثبتك واتمني ان كل المسلمين تكون اخلاقياتهم في حياتهم العاديه قدوه ودعوه لكل غير المسلمين,1
صج معوق,0
الوفاء اصبح شئ نادر يكاد يكون معدوم,1
يخرب بيتك ما أزنخك,0
مجنون صوتها انا,0
لو حد يا جماعة يعرف طبيب اذن يدلني ولا شكلي هارميهم خلاص باظو,0
الخشوع أمر مهم جــدا في الصلاة,1
كلام سليم والصراحه راحه,1
بنحاول فى كل مره نكون افضل,1
هعهعهع مش حلو,0
اعنا يا ربنا,1
فيروسات بشرية,0
من رافق وافق,1
وكل منهو دنا منك,1
الطاقة الشمسية هي البديل و ليست النووية,0
شكلك دايما متاخرة عن المدرسة,0
الله يعين الجميع,1
اللهم ان كان رزقي بعيدا فقربه لي و ان كان قريبا فيسره لي وان كان كثيرا فبارك لي فيه,1
وياريت بتظبط الكذب ماوش رجلي,1
خبر عاجل يمنع لجميع المجانين التقدم الى سوبر ستار,0
ليش محشورين على بعض كذا ؟ خلصت الطاولات مالقو إلا هـ الطاوله الخايسه,0
اي تقدم اي ازدهار مفاعل النووية بعمل الامراض كثير اهم السرطان الله يبعده عنها و انا معهم رفض المفاعل النووية,0
عاهات العرب الجرب,0
ربى يزيدن ايمان وتقه ياررب,1
وانا مع انو الطاقة الشمسية هي البديل,0
نسأل الله تعالى أن تكون بحق أرحنا بها يا بلال و ليس أرحنا منه,1
اللهم اغفر لي ما لا يعلمون و اجعلني خيرا مما يظنون,1
كاميرا خفية في الانحطاط الاخلاقي,0
وسدئيني انكوو كلاب,0
اللهم نقي نفوسنا و أجعلنا لك من المخلصين سرا و جهرا,1
حتى بالستايل مقلده الله ياخذ عمره الغبي,0
يا دم امك الرخم,0
يااخوان احنا مع التطور بس منين نجيب سبعة عشر مليار دولار تكلفة المشروع لنبدا اولا بااستغلال الرياح و الطاقه الشمسيه و الصخر الزيتي و نبد بتخفيف الفاتوره النفطيه و المثل بقول خذ من طين بلادك و حط علئ خدادك,0
عنجد الكذب اكبر ورطه,1
انا فعلا عملت كده والحمدلله بقيت احسن من غير الحجات الي ربنا خدها مني الحمدلله,1
اللهم اتم علينا مكارم الاخلاق,1
الاردن فيه طاقة شمسية بتغنينا عن استخدام المفاعلات ،، تخيلو معي الطريق بين عمان و العقبة كلها ارض فاضية و صحرا منقدر نستغلها في بناء خلايا شمسية ،، احنا مش ضد انا نتطور و لكن الدول المتطورة عم بتخلو عن الطاقة النووية اللي رافقها مشاكل صحية و بيئية عديدة و عم بسبتدلوها بالطاقة المتجددة ،، طاقة نظيفة و غير مكلفة,0
اللهم اهدنا ثم ثبتنا,1
يع شوهاي الوساخة,0
اللهم ارنا فيهم عجيب صنعك فانهم اذلو الشعوب,0
صح لسانك,1
فانا اناشد الحكومة الاردنية بألافراج عن اسرى السلفيين التوحيدين الموجودين في سجونهم,0
جامدة جد,1
ادعي من الله ان يقوني علي طاعته,1
الله اكبر على كل ظالم,0
تركنا الحرام من اجل ربنا حبيبنا ووالله سيعوضنا خيرا,1
أنا متأكده أنو هذولي مدفوعلهم علشان يجون يغنون لأنو مافي ناس مهابيل لهالدرجه,0
انتة والمعك كلهم سافلين ووقحين,0
الحق عالحقير اللي نزل المنشور_بجوز اهله لابسين منه_ولك لاتنزل اشي زي هيك يا؟؟,0
بدي اروح عمرة الله ييسر,1
اسخف لجنة تحكيم شفتها بحياتي,0
اللهم إجعلنا منهم,1
اقسم بالله ان العرب اكثر الشعوب تخلفاا,0
ما اقسى غربة الروح,0
مش طبيعي,0
اموت فيج رويده,0
كلام سليم,1
اللهم احفظني,1
صباح السعادة العامرة,1
ناشدتك الله,0
كلاب بتعوي,0
سلمت امري ل ربي عالمين رغم البعد احس ان ربنا رح يكتب ويجمعنا ويكون نصيبي,1
لا حول ولا قوة اللا بالله العظيم ،لم أكن أعلم ان نسبة ذكاء العرب منخفضه جدا الى هذا الحد,0
اللهم ارزقنا العمل الصالح و الزريه الصالحه و ارزقنا يا الله حسن الخاتمه,1
ولا جورج في الزمنات بس حرام يفضحوهم,0
اللهم انا نشكو اليك ضعف قوتنا و قلة حيلتنا حسبنا الله و نعم الوكيل,0
جابو المسخره لنفسهم الله لايردهم,0
يارب أنت المستعان فأعنا واهدنا يارب الكون أجمع استجب,1
سعادتنا تكون بحسن الاستمتاع بالأشياء التي نحصل، عليها كما تكون بحسن الاستغناء عن الأشياء التي نحرم منها,1
والحاجة الي انت بتحبها دي هي مش اكتر من حاجة زينها الشيطان واقنعك بحلاوتها بس هتندم بعدين,1
يلعن ام الحاله ياخي وناسه,0
ومن احسن قولاممن دعاالي وعمل صالحاووقال انني من المسلمين،,1
وش فيك معصب خلاص بعطيك اللأيك الي جاني خخ,0
ولك واحد كندرة,0
تفائلوا بالخير تجدوه,1
قول يا الله ده عنك مش بعيد متشلش هم ولا تشعر بضيق اقول يالله اهديني ياقلبي عشان اتوب امحي الذنوب واهديلي الطريق,1
هذا اللي بالنص من لجنة الحكم مفكر نفسو وديع الصافي و هو شقفة علاك,0
قسسم انه استهبال باستهبال,0
الله اكبر ولله الحمد مصر بخير فيها ناس كتير طيبين,1
كيف صرت كاتب يا زلمة ؟؟ انت كثير عليك حمار,0
بارك الله فيك يانوسة وجعلها فى ميزان حسناتك,1
ابوهاا هوه المصيبة بسس هممه الفلووس اللي تجيبهاا بنته,0
مؤامره معروفه ضد الشرفاء في هذا البلد,0
اصلن صاحب البرنامج ماخذ شباب الامه مصخره,0
والله صحيح,1
اميره ممكن اضافه لو سمحتي,1
دلوعه حيوانه,0
هاد كلو كزب ياهبلة والله,0
الدعوة مش بالكلام بس ممكن نكون دعاة بأخلاقنا و أسلوبنا و تعاملنا,1
اطالب برحيل هذه الحكومة,0
اللهم اعنا ع ترك كل ما لا ترضي,1
لجنه حكم ماعندها ذره احترام,0
الهم سدد خطاه وجعل الاسلام نور لكل البشر,1
إنه دين يسر وليس بدين عسر,1
يلعن امك,0
المهم هو الصادق معي الناصح لي,1
يعني بكل وضوح بدكوا تذلوا الشعب الأردني و تخلوه كل شهور يصف طابور عشان يوخدلوا اكمن ليرة,0
غبي الله يزيد غباك,0
اووخص وش هالمناشف,0
انا ابو عدولة هذا لو قدامي صدق اني راح العن ابو من جابه,0
كلام جميل,1
أللهم ارضنا بما قسمته لنا,1
اخرسي صحيح ما تفهمي,0
يا رب نستغفرك ونتوب اليك,1
انا اردني و بقول الشعب بيستاهل غلا اكثر من هيك,0
ماخاب من دعا إلى الله,1
صباح الورد و لوجه طيبة,1
قصه في غايه الروعة,1
ايوه بالصرمة عراسه,0
لا تقنتوا من رحمه الله فهي وسعت كل شيء مهما عصينا فلنا رب كبير رحيم ورحمن,1
ان شاء الله ربنا يعينا على فعل الطاعات,1
قصة حقيقية رائعة فيها عبرة لكل زوج وزوجة فيها المودة والرحمة,1
بصمات راقية لأديب الدعوة محمد الغزالي,1
للأسف البعض يعتقد ان المفاعل النووي سيحل مشاكلنا الاقتصادية ولكن الأردن لا يمتلك موارد مالية وهذا يعني الحاجة لشريك أجنبي كما اعلنت هيئة الطاقة يملك غالبية الأسهم كما في تركيا على سبيل المثال وذلك يعني ان هذا الشريك سيمتلك الجزء الأكبر من المفاعل ولن يكون ملك للأردن وبالتالي ستقوم الحكومة ايضا بدفع تكاليف الكهرباء للمستثمر وبالتالي المفاعل النووي لن يوفر لك الكهرباء بسعر قليل,0
برامج سخيفة تهدف لهدم الأمة,0
ي وجه الفطيره قبل تعيب الناس أنظر الى حإلك,0
و ريحة الياس و الحنة,1
أحيانا يكون الفشل دافع للنجاح,1
نرجو من الله أن يتقبل صلاتنا رغم ما تمر به بلدنا من أزمة صار الواحد خايف على نفسه و مستعجل بصلاته و أنا كلما صليت اعتبرها صلاة مودع فيخشع قلبي و تدمع عيناي,1
الابتسامة كلمة بدون حروف,1
الحمد الله علشان نرتاح من جميلة الدعم,0
فاضل قلمين و نخلص حلوة يا حسن,0
والله ايلى اختشه ماتوا,0
بعضهم جايبينهم تمثيل,0
البعض يعتقد ان المفاعل النووي سيحل مشاكلنا الاقتصادية ولكن الأردن لا يمتلك موارد مالية وهذا يعني الحاجة لشريك أجنبي كما اعلنت هيئة الطاقة يملك غالبية الأسهم كما في تركيا على سبيل المثال وذلك يعني ان هذا الشريك سيمتلك الجزء الأكبر من المفاعل ولن يكون ملك للأردن وبالتالي ستقوم الحكومة ايضا بدفع تكاليف الكهرباء للمستثمر وبالتالي المفاعل النووي لن يوفر لك الكهرباء بسعر قليل,0
يا رب رضينا و امنا و صدقنا فارضينا برضاك عنا و اجبر كسر قلوبنا و هون علينا,1
وقـف قلبو لحسن الشافعي,0
الوحيد الذي لايتركني ولو لحظه,0
الاسلام ليس فيه رهبانيه,1
صباح الخير و النور و الأنوار,1
حلوه عدوله احس انه يفطر حشيش,0
يا صاحب الفرج,1
وهذه من اكبر المشاكل التي تؤرق الشباب في هذه الايام,1
الحمد لله رب العالمين على عطاه و رضا,1
انا معك بان دين الاسلام لكل الناس وفي كل زمان ومكان,1
أنا أقدر الاخلاص و الوفاء بشكل كبير,1
اخ يا غبي,0
صحيح كل هالشغلة بس قرار وبظن كلنا قادرين نآخدة اذا استعنا وتوكلنا ع الله,1
هذه من أقوال الرفيق المناضل,1
خنقووني,0
صباح الود,1
فيديو بايخ,0
والله عاهات,0
اللهم احسن خواتيم اعمالنا و اجعل كل اوقاتنا طاعه,1
كـلمـة حـبـ عـجـبـتـنـى جـيـتـ آقــؤلهـآ جــرحـتـنـى,0
يارب طهر قلوبنا,1
طول عمري بخاف من العوب وسيرة العوب,0
مفيش اجمل من ان الانسان يحافظ على كرامته,1
وأعظمها امة سيدنا محمد,1
الله ياريت يبقى فى اخلاق كدة فى الوقت دة,1
أن الله موجود,1
هات ناس تفهم و المثل بحكي اسأل مجرب و لا تسأل خبير,0
طريق واحد عدم اليئس هو طريق النجاح,1
ولو هو انسان وعنده احاسيس ممكن من هالموقف اللي الكل يشوفه يتعقد هالإنسان من حياته كلها,0
سلطان القرف,0
ربنا يصلح حالنا جميعا,1
لا محالة أول شيء يحدث له بعد عودته للمغرب سيتم اغتصابه كالعاهرة,0
ودي اكسر الابتوب على راسه,0
الله يلعن امك وش ها القرف,0
لو أغلقت الأبواب في وجهك ، وأظلمت الدنيا، و خنقتك الدموع ، و ضاقت بك الأرض ، استحضر معنى اسم الله الفتاح القادر سبحانه قادر على فتح ما انغلق من أمرك,1
ما اضيق العيش لولا فسحة الامل، الحمد لله,1
حقيقى لازم نجمد قلبنا عن اى حاجة غلط,1
؟ سخافة الشاميين ابدا ما ينفع لهم الكوميديا,0
الله يوفقنا لصداقة امثالهم,1
ايه الهبل دا,0
الله يسعدك و يبعد عنك كل شر,1
اللهم قونا على نفوسنا الضعيفة,1
يا طيبة الخير جينا,1
عيب والله اسم المقطع,0
الله حيك شيخ ابراهيم بالفعل حكم يا نشمي,0
وربي عآإهات مستعصيه,0
انشاء الله هنعمل حاجه,1
لا تفهمي غلط حبيبتي,0
الله يلعن الي علمكم التطور يا متخلفين يا رجعيين,0
نار جهنم تاخدو,0
والله اني احبك في الله يا,1
بنص المقطع سقاله موطبيعيه,0
نفع الله بك يا دكتور,1
ظني بالله جميل,1
حيوان وكلب الله يموتك,0
اللهم اجعل لنا ايمانا صادقا و قلبا خاشعا و علما نافعا,1
انا مع الاخ محمد سلامة بهالموضوع,0
والله تحشيش,0
الله ينتقم منه حمزه منصور واعوانه حسبنا الله فيهم,0
الله يفرح الكل ويجمع بين المتحابين على خير,1
الله أكرم ألآكرمين اللهم أعنا على أنفسنا واللهم أرضى عنك يارب العالمين,1
وانا من الناس اللي فعلا محتاجين يحاسبوا نفسهم ويصلحو من نفسهم لاننا عارفين انه لا ملجأ لنا الا لله,1
اما الغبي اللي يقلد جورج وسوف,0
انا عرف شيء والله ببكي اكتر ما بضحك,0
اللهم ارزقني حبك و حب من أحبك و حب عمل يقربني لحبك,1
والله الحياة كلها بتخزي بدونكم,0
فى ناس كتيرربنااكرمهابنعمة الاسلام ولكنهالاتدرك قيمتها,1
يلعن اخت المياعة والبياخة,0
فعلا مهزله,0
الموت مع الناس رحمه,1
صحيح,1
الحمد لله الذي بنعمته تتم الصالحات حمدا غير منقطع,1
السادس الراء رايحه,0
اشتاق للصلاه ودائما,1
يلعن اوم السخاافه,0
يضحكون و م شاففوا انفسهم ، لو قلنا غنوا جابوا الععيد فالحين بس في الظرافةة هـ الشيبان,0
الله على الكلام يا رب أعينا,1
الحمد لله نامل من الله ان يمن علينا بالهدايه,1
كلامك في غاية الجديه صحيح,0
مالك دين مثل الكلاب الضالة و الا اقولك مثل مومسات و عاهرات المراقص عندكن,0
الاهم نكون صادقين مع نفسنا لنكون صادقين مع الاخرين,1
هه شكلو عمرو ماشاف كاميرا تصورو,0
الرفض القاطع للمشروع لانه بس يتم و يشتغل تمام رايح ينباع او يتم تاجيره و نصير نشتري وقود مخصب ويصير اغلى من الكهربا لانه للاسف ما فيه شي بعيد عن ايدي المفسدين و الاستغلاليين او يصير زي مشروع تسمين البقر ؛ينتجو الطاقه وتروح لاطراف خارجيهخالرج اطار حاجة العامه,0
نستجير بالله,1
حلمي أن أكون مثل سوشي,1
وسط لا يوجد تركيز,1
امين يا رب انت شاب زي الفل ما شاء الله عليك,1
بوركت,1
اللهم عفوك و رضاك و الجنه,1
لو نريد الخشوع حقا نطلق الدنيا,1
الدال على الخير كفاعله,1
العالم العربي متروس عاهات,0
شو بالا يا دانيا و المشكلة مش عارفه تكتب هعهعه,0
تدرون ،، الشرهه ع اللي شجعهم يروحون للبرنآمج,0
الله حيهم هالشباب انتوا القدوة,1
هكذا المسلمون,1
سماجه سماجه ووالله البنانيين دمهم ثقيل مره,0
الكلام في البدايه بكون حلو لاكن من يبقي خير,1
يا عالي بلا درج,1
احنا بنتهاوش مع الكتب,0
رائع والله اصبت القول الاسف لاكن مافي أي حدآ بيستحمل الانتقآد ؟؟,0
صباح الهمة و النشاط شيخنا الفاضل,1
و ما من دابة في الأرض و لا طائر يطير بجناحيه الأ على الله رزقه,1
ك فشلوه مره صدق انهم دلوخ,0
الحمدلله في خضم تفوق امريكا بمجال الطاقة النووية وسعيها للتخلص من نفط العرب واستخدامها الطاقة النووية في الفضاء نحن نجمع التواقيع لرفضها,0
صدقتي رائعه و معبره الكلام,1
اللهم انى استغفرك واتوب اليك,1
صدقت,1
يارب عوضنا خير مما أخذ منا,1
اللهم ارزقنا زوجا صالحا محبا مثل,1
اللهم إجعلنا ممن يأخذون بالأسباب,1
نسأل الله العفو و العافية,1
طبعا اكيد ﻻ والف ﻻ,0
معايا زميل زميل يلعن المسخره كلهم مايستحون ذوولي,0
تاافهين,0
دائما تبعث النشاط و الحيوية في النفوس مع كل صباح اسعد الله صباحك,1
اللهم انصر الإسلام وأعز المسلمين,1
فاظفر بذات الدين تربت يداك,1
يا رب اللهم اجعلنى خير مما يظنون و اغفر لى ما لا يعلمون,1
مين وله؟,0
ونعم بالله أرحم الراحمين وأنيس المستوحشين,1
لى جماعه الاخوان الخسيسة كيف بدكو الوطن يتصلح وانتو قسمتوه لفريقيين كل واحد منكم اخدنا لمطرح ومش عارفين واصليين لوين,0
ما اثقل دمك و ما اغباك,0
ﻋﺎﻫﺎﺗﻚ ﻳﺎ ﻭﻃﻨﻲ,0
سخيفة,0
اجمل حاجه في الحياه كلها اننا نرضي ربنا وبس مش كتير والله علي ربنا بالعكس ده ولا حاجه في نعمته علينا كفايه اننا مسلمين بس الحمد لله,1
دي اخلاق السلف الصالح,1
لا يوجد كفائات بالأردن قادرة على ادارة هكذا مشروع أنو تقدم و أنو ازدهار العالم كلو ببعد عن النووي الا طوقان شوفو اليابان الكارثة الصارت فيها لو اتصير بالأردن البلد رايحا تتدمر و جيرانها كمان وهسا متأكد فلسفجي راح يجي يحكيلي عن كفائات البلد دخيلكو وينها اذا شوارع ما ابنعرف نبني راح يبنو مفاعل,0
خلص اخرسن انا قرفت اكتر منكن,0
ربي يهديهن,1
و نعم الصديق,1
من زمان ماشفت مخلوقات فضائيه هع,0
يارب اعني على هذا القرار,1
قصه جميله ودايما انا بحب اسمع البرنامج,1
ربنا يهدينا و يهدي بينا أمة محمد الغافلين,1
يا طيب صباحك كل خيرات,1
اللهم إنا نعوذ بك من غضبك و نسأللك رضاك,1
المومين الى بعضهم كالبناء الزى يشد بعضة البعض,1
يا من يرزق النعاب في عشه هيء لنا مقادير,1
ايه الاحساس الراقى ده,1
كلهم فاجرين,0
اللهم اجعلنا ممن يعطي الامانة حقه,1
ثكلتك امك,0
ليش يعني اخترت انه مصيره في فتح يا تافه وفي المؤتمر السادس كمان يا ابن الكلب,0
خراي على احسن علوي ومحب لهاجحش خربت سورية ياكلب,0
انا بحب كل الناس و بتمنالهم الخير,1
لا بتمزحي يع قرف,0
الحمد لله ع السلامه,1
اللهم نسألك السلامة من مثل هذه الخيبة,1
أنا فعلا قررت وأخدت القرار ده وحاسة براحة وسعادة كبيرة أوي بقربي من ربنا بجد الحمد لله,1
اللهم ارنا الحق حقا و ارزقنا اتباعه و ارنا الباطل باطلا و ارزقنا اجتنابه,1
لا يعني الغبي يدري انه كاتب اسمها بالورقه مايبيلها ذكاء ترى,0
أحلى صباح من أحلى شيخ في العالم,1
يا ارحم الراحمين يا الله,1
سامج,0
لا والله ما بلسه يع,0
يارب اعنا علي ترك المعاصي ماحيينا,1
ابدأ بنفسى الأول اغيرها,1
كلهم فاجرين,0
المسلم الفطن النقي يتصرف بما يرضي الله في السر و العلن نسأل الله عز وجل ان نتبع كل ما يرضيه عنا,1
نادرا ما بتصير لو انه الشعب بتطور وبيتعلم مع الوقت,0
تركنا كل شئ من اجل رضا الله اللهم ارضى عنا,1
بارك الله لكما وبارك عليكما وجمع بينكما على خير,1
واحد واطي,0
ان الجميل اذا اخفيته ظهرا,1
عيب عليكوا تقارنوا وحدة زى دى بالمصحف الى هوا كلام ربنا,0
اللهم أحينا وأمتنا على الإسلام وعلى كلمة لا اله الا الله,1
وعرض اختي انك لاسع ياادمن عساس لو بدها تضرب من هسة خايفة منك,0
يتسابقوون إلى جهــنم,0
ياجمااعه يقولون بشار الاسد ماات,0
اللهم لا اعتراض على حكمك و ارزقنا انت خير الرازقين,1
ايوه هيك بدنا ياكم يا شباب مش بس لعب وتسلاية,1
الحمد انا متفائلة جدا في كا امور حياتي ورح اضل هيك دائما,1
اللهم امليء قلبي بحبك,1
خسارة فيك اسمك,0
يا جاهلين يلي بحكي عن الطاقه النووي وجودو كفيل بوفاة شخص وولادة طفل مشوه ولو انو اشي منيح كان ما بزتوه بالصحرا وجودو بعيد بقلل مخاطر بس ما بمنعها و يلي بحكي انو احنا امه جاهله ما بدها تطور بكون هوه الجاهل و عدو نفسو و عدو الانسانية و بلا ننوي و بلا زفت قال نتطور قال لو بدنا نتطور طورنا حالنا من زمان مش على دور الننووي شعب جاهل,0
اللهم ما اصبح بي من نعمة أو بأحد من خلقك فمنك وحدك لا شريك فلك الحمد و لك الشكر,1
جزاك الله كل خير دكتور عمرو و ربنا يتقبل منا و منكم سائر الاعمال,1
كلام سليم الف بالميه و الله,1
لاتنساني من دعائك الصالح شيخنا,1
انا فعلا مؤمن بالفكرة دي جدا وبحاول انفذها,1
ولكن كيف ان المفاعل النووي غير مضر بالبيئة فهمني ؟؟,0
أسوأ شعب الله في الكوميديا,0
قل لي من تصاحب أقول لك من أنت,1
ما أجمل الصبر و الإصرار,1
كلامك في غاية الجديه صحيح,0
احسن من هيك رئيس وزراء ما في,0
ﺍﺳﺘﻌﻤﺎﺭ ﺷﻮ ﻳﺎﺣﻤﺎﺭ ﺍﺑﻦ ﺍﻟﺤﻤﺎﺭ ﻫﺪﻣﺖ ﻟﺒﻴﻮﺕ ﻭﺷﺮﺩﺕ ﺍﻟﺸﻌﺐ ﻳﺎﺑﻦ ﺍﻟﺰﺍﻧﻴﻪ ﺍﻟﻌﻠﻮﻳﻪ ﻭﺍﻟﺸﻴﻌﻪ ﺳﻮﻑ تسحقون,0
يلعن ابو التخلف,0
ماشاء الله عليكم بجد موضوع مهم جدا والاهم الرقي الرائع في الحوار,1
يعطيك العافية,1
المعنى الحقيقي لعااهاتك يا وطن,0
نعم الاخ وما أطيب قلبه,1
يا رب إجعلنا من الصالحين,1
روعه,1
اللهم إني اسألك صبرا,1
والله ما يحرر عزبت بنقاليه,0
و هكذا جنت على نفسها براقش,0
صباح هادئ ۆ انفاس تحمل تفاؤل ۆ يقين بان گل م سيكتبہ أللہ لنا ﻓي كل يوم خير أصبحنا و أصبح الملك لله,1
اللة لا يشبعكو يا حرامية,0
اللهم لا تجعل لحب الدنيا سلطانا على قلبي بل اجعل حبك في قلبي سلطانا,1
اللهم اغفر لنا انا كنا ظالمين و ادخلنا الجنة سالمين,1
والله نوفي صح لسانك,0
ما في احلى من الفرح,1
بتقول كلام دي الفل,1
للي مفكرين المفاعل راح يطورهم المفاعل راح يدمر الأردن و المنطقة اللي حولها لأن الفساد الموجود بالأردن مش موجود بدوله أخرى وهذا يعني أن الفاسدين رايحين يسمسروا و يلهفوا لما يوصلوا اشكل مفاعل للأردن و ناسين أن المفاعل يحتاج إلى بحر ماء للتبريد و نحن لانملك ماء للشرب و ناسين أن التطور يكون بمشاركة الجميع و ليس بقرار فردي و ناسين أن الذي أقر المفاعل هو المحتكر الأول هيئة الطاقة و أن شاغرها بقي معلق أثناء فترة تسلم طوقان وزارة التربية و التعليم ؟؟ لدول المتقدمة بدأت تبحث عن بدائل للمفاعلات و احنا بنشتري الخربان منهم مشان التقدم و بلدنا بفضل الله لديها طاقة الرياح و طاقة الشمس لماذا لا يتم إستغلالها بدل المفاعل النووي طالما أكلنا معظمه فاسد و غير صالح بسبب الجشع و الطمع و الفساد,0
يا رب يكرمنا بأولادنا و أنا دائما بشجع إبني أن يكون كالجبل الذي لا تهزه الرياح العاتية,1
المشكلة في ناس تقنع حالها أنه جورج وسوف له علاقة بالأغاني,0
اكيد ماحدا بيقدر يارب اعن الفقراء واعنا ع مساعدتهم,1
شبابنا فيهم الخير بس بدهم حدا يرشدهم,1
مسخرة,0
ربنا يسهل,1
والله الناس دي ما شايلة هم ابدن علشان كده مسخرو نفسهم او كرامتهم راحت,0
الله يرحمنا برحمته,1
مررعبه,0
سوبر حمار,0
برك الله فيك وجعلاهاء في مزان حسناتيك,1
عليا النعمه ابدا لا هو ولا الخروف التاني,0
الله يستر على بنات المسلمين جميعا,1
اللهم إن كان لي عوض على صبري,1
اللهم اعنا على فعل الخيرات,1
ارضى عني يا رب,1
حسبي الله و نعم الوكيل في كل ظالم و مفتري و الله يعين الشعب,0
يجب وضع كل من تسول له نفسة مجرد ان يعمل اي تصرف لا يليق بالاردن ان يسجن و يسجن شىء مخزي شوية همل و زعران يخربوا الجامعات و سمعة البلد,0
حسبنا الله و نعم الوكيل فيكوا,0
الارواح جنود مجنده من تعارف منها أأتلف ومن تنافر منها اختلف,1
المهم الدعاء في السجود حتى تغسل عينيك الدموع,1
مش باين منيح ليش عم تكذبو,0
صباح الورد والفل,1
صباح الرحمة و البركات إن شاء الله,1
فوق من اللي أنت فيه ربك دايما جنبك,1
من بغضه رب العالمين لن يحبه احد قلوب العباد بين اصبعين من اصابع الرحمن,1
تدرون يا جماعة الخير انها بتتعدب والله,0
سدئناك يا كذاب,0
ما ازنخك انت و مقالاتك,0
ولا تنسو تبسمك في وجه اخيك صدقه,1
الله ايه الجمال ده سبحانك ربي,1
الا لعنة الله على الشيعة الى يوم الدين,0
اسعد الله صباحكم علامتنا بالخيرات,1
